// Generated by tools/sheet2sprites.py -- do not edit by hand.
// Source: boot_skull.png
#pragma once
#include <pgmspace.h>
#include "../animator.h"

static const uint16_t BOOT_SKULL_PALETTE[] PROGMEM = {
  0x0000, 0x0000, 0x1082, 0x2124, 0x31A6, 0x4A49, 0x5ACB, 0x6B6D, 0x8410, 0x9492, 0xA534, 0xB5B6, 0xCE59, 0xDEDB, 0xEF7D, 0xFFFF
};

static const uint8_t BOOT_SKULL_0_DATA[] PROGMEM = {
  0x00, 0x00, 0x00, 0x00, 0x00, 0x00, 0x00, 0x00, 0x00, 0x00, 0x00, 0x00, 0x00, 0x00, 0x00, 0x00,
  0x00, 0x00, 0x00, 0x00, 0x00, 0x00, 0x00, 0x00, 0x00, 0x00, 0x00, 0x00, 0x00, 0x00, 0x00, 0x00,
  0x00, 0x00, 0x00, 0x00, 0x00, 0x00, 0x00, 0x00, 0x00, 0x00, 0x00, 0x00, 0xDD, 0xDF, 0xDE, 0xCD,
  0xCC, 0x00, 0x00, 0x00, 0x00, 0x00, 0x00, 0x00, 0x00, 0x00, 0x00, 0x00, 0x00, 0x00, 0x00, 0x00,
  0x00, 0x00, 0x00, 0x00, 0x00, 0x00, 0x00, 0x00, 0x00, 0x00, 0x0D, 0xEF, 0xFF, 0xFF, 0xFF, 0xFF,
  0xFF, 0xEC, 0x90, 0x00, 0x00, 0x00, 0x00, 0x00, 0x00, 0x00, 0x00, 0x00, 0x00, 0x00, 0x00, 0x00,
  0x00, 0x00, 0x00, 0x00, 0x00, 0x00, 0x00, 0x00, 0x00, 0x0E, 0xFF, 0xFF, 0xFF, 0xFF, 0xFF, 0xFF,
  0xFF, 0xFF, 0xEC, 0x00, 0x00, 0x00, 0x00, 0x00, 0x00, 0x00, 0x00, 0x00, 0x00, 0x00, 0x00, 0x00,
  0x00, 0x00, 0x00, 0x00, 0x00, 0x00, 0x00, 0x00, 0x0D, 0xEF, 0xFF, 0xFF, 0xFF, 0xFF, 0xFF, 0xFF,
  0xFF, 0xFF, 0xFF, 0xEC, 0x00, 0x00, 0x00, 0x00, 0x00, 0x00, 0x00, 0x00, 0x00, 0x00, 0x00, 0x00,
  0x00, 0x00, 0x00, 0x00, 0x00, 0x00, 0x00, 0x00, 0xEE, 0xFF, 0xFF, 0xFF, 0xFF, 0xFF, 0xFF, 0xFF,
  0xFF, 0xFF, 0xFF, 0xFF, 0xD0, 0x00, 0x00, 0x00, 0x00, 0x00, 0x00, 0x00, 0x00, 0x00, 0x00, 0x00,
  0x00, 0x00, 0x00, 0x00, 0x00, 0x00, 0x00, 0xCD, 0xFE, 0xFF, 0xFF, 0xFF, 0xFF, 0xFF, 0xFF, 0xFF,
  0xFF, 0xFF, 0xFF, 0xFE, 0xDE, 0xC0, 0x00, 0x00, 0x00, 0x00, 0x00, 0x00, 0x00, 0x00, 0x00, 0x00,
  0x00, 0x00, 0x00, 0x00, 0x00, 0x00, 0x0C, 0xEE, 0xFF, 0xFF, 0xFF, 0xFF, 0xFF, 0xFF, 0xFF, 0xFF,
  0xFF, 0xFF, 0xFD, 0xD3, 0x25, 0xBA, 0x00, 0x00, 0x00, 0x00, 0x00, 0x00, 0x00, 0x00, 0x00, 0x00,
  0x00, 0x00, 0x00, 0x00, 0x00, 0x00, 0xBE, 0xFF, 0xFF, 0xFF, 0xFF, 0xFF, 0xFF, 0xFF, 0xFE, 0xFF,
  0xFF, 0xFF, 0xFF, 0xD1, 0x32, 0x7B, 0x70, 0x00, 0x00, 0x00, 0x00, 0x00, 0x00, 0x00, 0x00, 0x00,
  0x00, 0x00, 0x00, 0x00, 0x00, 0x00, 0xEE, 0xFF, 0xFF, 0xEF, 0xFF, 0xED, 0xFF, 0xFF, 0xFF, 0xFF,
  0xEF, 0xFF, 0xFF, 0xFD, 0x62, 0x45, 0xB0, 0x00, 0x00, 0x00, 0x00, 0x00, 0x00, 0x00, 0x00, 0x00,
  0x00, 0x00, 0x00, 0x00, 0x00, 0x0E, 0xFE, 0xFF, 0xFF, 0x8F, 0xFE, 0xFF, 0xFF, 0xFF, 0xC6, 0xEC,
  0xAE, 0xFF, 0xFF, 0xFF, 0xDE, 0x64, 0xC9, 0x00, 0x00, 0x00, 0x00, 0x00, 0x00, 0x00, 0x00, 0x00,
  0x00, 0x00, 0x00, 0x00, 0x00, 0xEE, 0xFF, 0xFF, 0xFF, 0xFF, 0xFF, 0xFF, 0xFE, 0xFE, 0x66, 0x84,
  0xA8, 0xDF, 0xFF, 0xFF, 0x57, 0xC7, 0xBC, 0x70, 0x00, 0x00, 0x00, 0x00, 0x00, 0x00, 0x00, 0x00,
  0x00, 0x00, 0x00, 0x00, 0x0C, 0xEE, 0xFE, 0xDE, 0xFE, 0xEF, 0xFF, 0xFF, 0xFF, 0xE5, 0x21, 0x24,
  0x68, 0xCE, 0xFF, 0xFF, 0x62, 0x5A, 0xAC, 0x70, 0x00, 0x00, 0x00, 0x00, 0x00, 0x00, 0x00, 0x00,
  0x00, 0x00, 0x00, 0x00, 0x0D, 0xDD, 0xEF, 0xFF, 0xFC, 0xFC, 0xFE, 0xFF, 0xFD, 0x62, 0x21, 0x21,
  0x47, 0x4D, 0xEF, 0xFE, 0x94, 0x42, 0x7A, 0x99, 0x00, 0x00, 0x00, 0x00, 0x00, 0x00, 0x00, 0x00,
  0x00, 0x00, 0x00, 0x00, 0xED, 0xDE, 0xEF, 0xFF, 0xFF, 0xFF, 0xFD, 0xEE, 0xDD, 0x31, 0x22, 0x11,
  0x13, 0x8B, 0xFF, 0xFE, 0xE5, 0x45, 0x27, 0xAD, 0x90, 0x60, 0x00, 0x00, 0x00, 0x00, 0x00, 0x00,
  0x00, 0x00, 0x00, 0x0D, 0xEC, 0xDD, 0xDE, 0xBD, 0xEF, 0xFF, 0xFF, 0xFF, 0xD6, 0x32, 0x21, 0x32,
  0x12, 0x58, 0xEF, 0xFE, 0xED, 0x43, 0x46, 0xDC, 0x99, 0xA0, 0x00, 0x00, 0x00, 0x00, 0x00, 0x00,
  0x00, 0x00, 0x00, 0x0C, 0xED, 0xDF, 0xDE, 0xFF, 0xED, 0xDF, 0xFF, 0xFF, 0xB3, 0x21, 0x11, 0x11,
  0x14, 0x56, 0xFE, 0xFE, 0xEF, 0x63, 0x35, 0xEC, 0xD8, 0xAA, 0x00, 0x00, 0x00, 0x00, 0x00, 0x00,
  0x00, 0x00, 0x00, 0x0C, 0xBD, 0xDF, 0xFD, 0xFC, 0xFE, 0xEF, 0xFF, 0xEE, 0x91, 0x22, 0x34, 0x11,
  0x26, 0x17, 0xEE, 0xEE, 0xFF, 0x23, 0x23, 0xCF, 0xEE, 0xCD, 0x00, 0x00, 0x00, 0x00, 0x00, 0x00,
  0x00, 0x00, 0x00, 0xBD, 0xCD, 0xEE, 0xDD, 0xFE, 0xCE, 0xFD, 0xFF, 0xDE, 0x93, 0x21, 0x22, 0x38,
  0x63, 0x46, 0xEB, 0xED, 0xFD, 0x43, 0x8C, 0xEF, 0xD9, 0xAE, 0x00, 0x00, 0x00, 0x00, 0x00, 0x00,
  0x00, 0x00, 0x00, 0xCF, 0xEE, 0xFB, 0xEF, 0xED, 0xDD, 0xEB, 0x99, 0xDE, 0xA7, 0x31, 0x12, 0x22,
  0x21, 0x9C, 0xEE, 0xEE, 0xFF, 0xBC, 0xFF, 0xFF, 0xFF, 0xEC, 0xB0, 0x00, 0x00, 0x00, 0x00, 0x00,
  0x00, 0x00, 0x09, 0xEE, 0xDD, 0xDE, 0xBE, 0xAC, 0xDD, 0x76, 0x52, 0xAF, 0xFC, 0x44, 0x21, 0x21,
  0x23, 0xCF, 0xDF, 0xEF, 0xFF, 0xEE, 0xFF, 0xFE, 0xBB, 0x96, 0x70, 0x00, 0x00, 0x00, 0x00, 0x00,
  0x00, 0x00, 0x0D, 0xEF, 0xBE, 0xDC, 0xDD, 0xED, 0xDA, 0x12, 0x22, 0x3C, 0xFE, 0xC4, 0x22, 0x23,
  0x4B, 0xEE, 0xBE, 0xEE, 0xEF, 0xED, 0xB7, 0x56, 0x89, 0x95, 0x90, 0x00, 0x00, 0x00, 0x00, 0x00,
  0x00, 0x00, 0x0D, 0xEC, 0xDB, 0xDE, 0xBD, 0xDE, 0x84, 0x22, 0x12, 0x28, 0xFF, 0xE7, 0x47, 0x35,
  0x9D, 0xDF, 0xFE, 0xFE, 0xFF, 0xD5, 0x6C, 0xDF, 0xDF, 0xFF, 0x8C, 0x00, 0x00, 0x00, 0x00, 0x00,
  0x00, 0x00, 0x0E, 0xBD, 0xCD, 0xAC, 0xCD, 0xCD, 0x73, 0x22, 0x11, 0x23, 0xAF, 0xFC, 0xDE, 0xCF,
  0xFF, 0xFE, 0xFE, 0xFF, 0xFA, 0x7C, 0xBF, 0xBF, 0xCE, 0xFF, 0xDE, 0xD0, 0x00, 0x00, 0x00, 0x00,
  0x00, 0x00, 0x0B, 0xCC, 0xBC, 0xBA, 0xDE, 0xC9, 0x74, 0x11, 0x11, 0x34, 0x4E, 0xDD, 0xFC, 0xEE,
  0xFF, 0xDD, 0xFF, 0xFD, 0x76, 0xCF, 0xAF, 0xED, 0xFA, 0xCC, 0x8C, 0xF0, 0x00, 0x00, 0x00, 0x00,
  0x00, 0x00, 0xAD, 0xBC, 0xBB, 0xED, 0xBC, 0xDD, 0x95, 0x21, 0x22, 0x24, 0x27, 0xCF, 0xD9, 0xEF,
  0xFF, 0xED, 0xFF, 0xE8, 0x8D, 0xFF, 0xCE, 0xEC, 0x00, 0x00, 0x67, 0xEC, 0x00, 0x00, 0x00, 0x00,
  0x00, 0x00, 0xCB, 0xCB, 0xCC, 0xCA, 0xDB, 0xDC, 0x97, 0x33, 0x21, 0x33, 0x23, 0x8A, 0x63, 0xDF,
  0xEE, 0xCD, 0xFE, 0xA8, 0xD6, 0xDF, 0xEC, 0x00, 0x00, 0x00, 0x5C, 0x70, 0x00, 0x00, 0x00, 0x00,
  0x00, 0x00, 0xCD, 0xAC, 0xEC, 0xCA, 0xDC, 0xBC, 0xB7, 0x43, 0x42, 0x23, 0x21, 0xA6, 0x57, 0x6B,
  0x76, 0x66, 0x8B, 0xEB, 0xFE, 0x7B, 0xB0, 0x00, 0x00, 0x00, 0x8D, 0x00, 0x00, 0x00, 0x00, 0x00,
  0x00, 0x00, 0xAA, 0xCA, 0xBD, 0xBA, 0xAC, 0xEA, 0x8A, 0x64, 0x21, 0x24, 0x33, 0xD7, 0x8A, 0xC4,
  0x63, 0x86, 0xBF, 0xFE, 0xEE, 0x00, 0x00, 0x00, 0x00, 0x00, 0xCE, 0x00, 0x00, 0x00, 0x00, 0x00,
  0x00, 0x00, 0xCB, 0xBB, 0xDC, 0xAB, 0xAA, 0xAC, 0xAA, 0x84, 0x12, 0x22, 0x19, 0xD5, 0x8F, 0x64,
  0x64, 0x67, 0x5F, 0xEA, 0xC0, 0x00, 0x00, 0x00, 0x00, 0x06, 0xBB, 0x00, 0x00, 0x00, 0x00, 0x00,
  0x00, 0x00, 0xAA, 0xCA, 0xA9, 0x9B, 0xA9, 0xC8, 0x97, 0x82, 0x21, 0x22, 0x5F, 0xDD, 0xFF, 0x99,
  0x89, 0x8C, 0xBB, 0xDA, 0x00, 0x00, 0x00, 0x00, 0x00, 0x04, 0xD0, 0x00, 0x00, 0x00, 0x00, 0x00,
  0x00, 0x00, 0x9B, 0xBB, 0xBA, 0xA9, 0x9A, 0x8B, 0x89, 0x84, 0x22, 0x24, 0xDE, 0xBD, 0xFF, 0xB0,
  0x0C, 0x9A, 0xD0, 0x00, 0x00, 0x00, 0x00, 0x00, 0x00, 0x78, 0xC0, 0x00, 0x00, 0x00, 0x00, 0x00,
  0x00, 0x00, 0xAA, 0x99, 0x78, 0x8A, 0x78, 0x9B, 0x88, 0x93, 0x21, 0x3E, 0xFD, 0xCC, 0xED, 0xD0,
  0x00, 0xBA, 0xD0, 0x00, 0x00, 0x00, 0x00, 0x00, 0x00, 0x08, 0x80, 0x00, 0x00, 0x00, 0x00, 0x00,
  0x00, 0x00, 0x98, 0x8A, 0x9A, 0x97, 0x88, 0x84, 0xA8, 0x66, 0x32, 0x7E, 0xED, 0xB7, 0xA0, 0x00,
  0x00, 0x00, 0x00, 0x00, 0x00, 0x00, 0x00, 0x00, 0x00, 0x07, 0x70, 0x00, 0x00, 0x00, 0x00, 0x00,
  0x00, 0x00, 0x99, 0x98, 0x78, 0xA8, 0xA7, 0xA8, 0x98, 0x85, 0x33, 0xCE, 0xCA, 0x80, 0x00, 0x00,
  0x00, 0x00, 0x00, 0x00, 0x00, 0x00, 0x00, 0x00, 0x00, 0x09, 0x90, 0x00, 0x00, 0x00, 0x00, 0x00,
  0x00, 0x00, 0x68, 0xA8, 0x98, 0x88, 0x77, 0x79, 0x76, 0x66, 0x39, 0xEC, 0x00, 0x00, 0x00, 0x00,
  0x00, 0x00, 0x00, 0x00, 0x00, 0x00, 0x00, 0x00, 0x00, 0x09, 0x00, 0x00, 0x00, 0x00, 0x00, 0x00,
  0x00, 0x00, 0x07, 0xA6, 0xB9, 0x78, 0x76, 0x77, 0x57, 0x36, 0x5D, 0xD8, 0x00, 0x00, 0x00, 0x00,
  0x00, 0x00, 0x00, 0x00, 0x00, 0x00, 0x00, 0x00, 0x00, 0x5C, 0x00, 0x00, 0x00, 0x00, 0x00, 0x00,
  0x00, 0x00, 0x07, 0x79, 0x87, 0x87, 0x66, 0x75, 0x68, 0x54, 0x4D, 0xC4, 0x00, 0x00, 0x00, 0x00,
  0x00, 0x00, 0x00, 0x00, 0x00, 0x00, 0x00, 0x00, 0x07, 0x6D, 0x80, 0x00, 0x00, 0x00, 0x00, 0x00,
  0x00, 0x00, 0x07, 0x86, 0x79, 0x77, 0x88, 0x77, 0x78, 0x77, 0x2C, 0xE5, 0x60, 0x00, 0x00, 0x00,
  0x00, 0x00, 0x00, 0x00, 0x00, 0x00, 0x00, 0x00, 0x97, 0xBB, 0xA0, 0x00, 0x00, 0x00, 0x00, 0x00,
  0x00, 0x00, 0x00, 0x87, 0x87, 0x75, 0x88, 0x69, 0x65, 0x55, 0x4E, 0xA4, 0x8B, 0x00, 0x00, 0x00,
  0x00, 0x00, 0x00, 0x00, 0x00, 0x00, 0x00, 0x88, 0xC7, 0xA9, 0x90, 0x00, 0x00, 0x00, 0x00, 0x00,
  0x00, 0x00, 0x00, 0x87, 0x98, 0x68, 0x59, 0x54, 0x67, 0x67, 0x7E, 0xA2, 0xAF, 0x90, 0x00, 0x00,
  0x00, 0x00, 0x00, 0x00, 0x00, 0x00, 0x00, 0x8C, 0xBB, 0x8B, 0xA0, 0x00, 0x00, 0x00, 0x00, 0x00,
  0x00, 0x00, 0x00, 0x06, 0x88, 0x78, 0x68, 0x68, 0x77, 0x77, 0xAF, 0xD3, 0xAE, 0xD9, 0x00, 0x00,
  0xAA, 0x00, 0x00, 0x00, 0x00, 0x00, 0x00, 0x0A, 0x7C, 0x97, 0xB0, 0x00, 0x00, 0x00, 0x00, 0x00,
  0x00, 0x00, 0x00, 0x00, 0x68, 0x85, 0x78, 0x79, 0x75, 0x85, 0x99, 0xC4, 0x4B, 0xCD, 0x00, 0x76,
  0xAB, 0x00, 0x00, 0x00, 0x00, 0x00, 0x00, 0x08, 0x98, 0xA8, 0xE0, 0x00, 0x00, 0x00, 0x00, 0x00,
  0x00, 0x00, 0x00, 0x00, 0x66, 0x86, 0x55, 0x55, 0x86, 0x57, 0x85, 0xA4, 0x23, 0xAE, 0xC7, 0x53,
  0xEC, 0x00, 0x00, 0x00, 0x00, 0x00, 0x00, 0x00, 0x06, 0x76, 0xEA, 0x00, 0x00, 0x00, 0x00, 0x00,
  0x00, 0x00, 0x00, 0x00, 0x06, 0x57, 0x76, 0x76, 0x75, 0x5A, 0x65, 0x65, 0x25, 0x5E, 0xDD, 0x9C,
  0xED, 0x00, 0x00, 0x00, 0x00, 0x00, 0x00, 0x00, 0x09, 0xFC, 0xC8, 0x90, 0x00, 0x00, 0x00, 0x00,
  0x00, 0x00, 0x00, 0x00, 0x00, 0x82, 0x77, 0x48, 0x56, 0x75, 0x66, 0x57, 0x36, 0x7C, 0xEE, 0xDC,
  0xDE, 0x90, 0x00, 0x00, 0x00, 0x00, 0x00, 0x0D, 0xD8, 0xEE, 0xCE, 0xBD, 0xCA, 0x00, 0x00, 0x00,
  0x00, 0x00, 0x00, 0x00, 0x00, 0x07, 0x64, 0x53, 0x45, 0x76, 0x47, 0x55, 0x77, 0x07, 0xCE, 0xEA,
  0xFB, 0xEA, 0x00, 0x00, 0x00, 0x00, 0xCD, 0x9C, 0xEB, 0x9F, 0xB5, 0xEF, 0xEB, 0x00, 0x00, 0x00,
  0x00, 0x00, 0x00, 0x00, 0x00, 0x00, 0x55, 0x63, 0x74, 0x78, 0x85, 0x75, 0x50, 0x00, 0x9D, 0xDB,
  0xAB, 0xED, 0x99, 0xB0, 0xB8, 0xBA, 0xDF, 0xD8, 0xFE, 0x4E, 0x6D, 0xCE, 0xFE, 0x00, 0x00, 0x00,
  0x00, 0x00, 0x00, 0x00, 0x00, 0x00, 0x07, 0x64, 0x55, 0x45, 0x66, 0x86, 0x00, 0x00, 0x0C, 0xDA,
  0xCC, 0xAE, 0xB3, 0x7B, 0xE8, 0xAE, 0x6F, 0xE5, 0xDB, 0x24, 0xAE, 0xEF, 0xFE, 0x00, 0x00, 0x00,
  0x00, 0x00, 0x00, 0x00, 0x00, 0x00, 0x00, 0x07, 0x46, 0x76, 0x56, 0x70, 0x00, 0x00, 0x00, 0xDD,
  0xDC, 0xCD, 0xE6, 0x39, 0xF9, 0x7F, 0x5A, 0x96, 0x28, 0x8E, 0xEE, 0xFF, 0xFF, 0x00, 0x00, 0x00,
  0x00, 0x00, 0x00, 0x00, 0x00, 0x00, 0x00, 0x00, 0x00, 0x06, 0x00, 0x00, 0x00, 0x00, 0x00, 0xBD,
  0xEE, 0xBB, 0xEE, 0x93, 0x97, 0x17, 0x37, 0x66, 0xBD, 0xCD, 0xCC, 0xDE, 0xEE, 0x00, 0x00, 0x00,
  0x00, 0x00, 0x00, 0x00, 0x00, 0x00, 0x00, 0x00, 0x00, 0x00, 0x00, 0x00, 0x00, 0x00, 0x00, 0x0E,
  0xBD, 0xDC, 0xDE, 0xED, 0x54, 0xA8, 0xBB, 0xCD, 0xCE, 0xCF, 0xDD, 0xEE, 0xFC, 0xB0, 0x00, 0x00,
  0x00, 0x00, 0x00, 0x00, 0x00, 0x00, 0x00, 0x00, 0x00, 0x00, 0x00, 0x00, 0x00, 0x00, 0x00, 0x0A,
  0xCC, 0xED, 0xCD, 0xEE, 0xDD, 0xEC, 0xDD, 0xDC, 0xEE, 0xDE, 0xCD, 0xDD, 0xFF, 0x00, 0x00, 0x00,
  0x00, 0x00, 0x00, 0x00, 0x00, 0x00, 0x00, 0x00, 0x00, 0x00, 0x00, 0x00, 0x00, 0x00, 0x00, 0x00,
  0xCD, 0xDD, 0xCD, 0xCD, 0xEE, 0xDD, 0xCD, 0xDE, 0xED, 0xDD, 0xED, 0xEF, 0xFF, 0xB0, 0x00, 0x00,
  0x00, 0x00, 0x00, 0x00, 0x00, 0x00, 0x00, 0x00, 0x00, 0x00, 0x00, 0x00, 0x00, 0x00, 0x00, 0x00,
  0x0D, 0xDE, 0xDD, 0xDE, 0xDC, 0xDD, 0xFC, 0xEE, 0xCE, 0xDE, 0xEF, 0xEE, 0xDD, 0xC0, 0x00, 0x00,
  0x00, 0x00, 0x00, 0x00, 0x00, 0x00, 0x00, 0x00, 0x00, 0x00, 0x00, 0x00, 0x00, 0x00, 0x00, 0x00,
  0x00, 0xBB, 0xBC, 0xCE, 0xDD, 0xCE, 0xEE, 0xED, 0xED, 0xEC, 0xEF, 0xCB, 0x00, 0x00, 0x00, 0x00,
  0x00, 0x00, 0x00, 0x00, 0x00, 0x00, 0x00, 0x00, 0x00, 0x00, 0x00, 0x00, 0x00, 0x00, 0x00, 0x00,
  0x00, 0x00, 0x00, 0x00, 0xDD, 0xEE, 0xDF, 0xEC, 0xFE, 0xEE, 0xED, 0x00, 0x00, 0x00, 0x00, 0x00,
  0x00, 0x00, 0x00, 0x00, 0x00, 0x00, 0x00, 0x00, 0x00, 0x00, 0x00, 0x00, 0x00, 0x00, 0x00, 0x00,
  0x00, 0x00, 0x00, 0x00, 0x00, 0xAC, 0xCD, 0xCC, 0xCA, 0xCA, 0x00, 0x00, 0x00, 0x00, 0x00, 0x00,
  0x00, 0x00, 0x00, 0x00, 0x00, 0x00, 0x00, 0x00, 0x00, 0x00, 0x00, 0x00, 0x00, 0x00, 0x00, 0x00,
  0x00, 0x00, 0x00, 0x00, 0x00, 0x00, 0x00, 0x00, 0x00, 0x00, 0x00, 0x00, 0x00, 0x00, 0x00, 0x00,
  0x00, 0x00, 0x00, 0x00, 0x00, 0x00, 0x00, 0x00, 0x00, 0x00, 0x00, 0x00, 0x00, 0x00, 0x00, 0x00,
  0x00, 0x00, 0x00, 0x00, 0x00, 0x00, 0x00, 0x00, 0x00, 0x00, 0x00, 0x00, 0x00, 0x00, 0x00, 0x00,
  0x00, 0x00, 0x00, 0x00, 0x00, 0x00, 0x00, 0x00, 0x00, 0x00, 0x00, 0x00, 0x00, 0x00, 0x00, 0x00,
  0x00, 0x00, 0x00, 0x00, 0x00, 0x00, 0x00, 0x00, 0x00, 0x00, 0x00, 0x00, 0x00, 0x00, 0x00, 0x00,
  0x00, 0x00, 0x00, 0x00, 0x00, 0x00, 0x00, 0x00, 0x00, 0x00, 0x00, 0x00, 0x00, 0x00, 0x00, 0x00,
  0x00, 0x00, 0x00, 0x00, 0x00, 0x00, 0x00, 0x00, 0x00, 0x00, 0x00, 0x00, 0x00, 0x00, 0x00, 0x00,
  0x00, 0x00, 0x00, 0x00, 0x00, 0x00, 0x00, 0x00, 0x00, 0x00, 0x00, 0x00, 0x00, 0x00, 0x00, 0x00,
  0x00, 0x00, 0x00, 0x00, 0x00, 0x00, 0x00, 0x00, 0x00, 0x00, 0x00, 0x00, 0x00, 0x00, 0x00, 0x00,
  0x00, 0x00, 0x00, 0x00, 0x00, 0x00, 0x00, 0x00, 0x00, 0x00, 0x00, 0x00, 0x00, 0x00, 0x00, 0x00,
  0x00, 0x00, 0x00, 0x00, 0x00, 0x00, 0x00, 0x00, 0x00, 0x00, 0x00, 0x00, 0x00, 0x00, 0x00, 0x00,
};
static const uint8_t BOOT_SKULL_1_DATA[] PROGMEM = {
  0x00, 0x00, 0x00, 0x00, 0x00, 0x00, 0x00, 0x00, 0x00, 0x00, 0x00, 0x00, 0x00, 0x00, 0x00, 0x00,
  0x00, 0x00, 0x00, 0x00, 0x00, 0x00, 0x00, 0x00, 0x00, 0x00, 0x00, 0x00, 0x00, 0x00, 0x00, 0x00,
  0x00, 0x00, 0x00, 0x00, 0x00, 0x00, 0x00, 0x00, 0x00, 0x00, 0x00, 0x00, 0x00, 0x00, 0x00, 0xCD,
  0xD0, 0xC0, 0x00, 0x00, 0x00, 0x00, 0x00, 0x00, 0x00, 0x00, 0x00, 0x00, 0x00, 0x00, 0x00, 0x00,
  0x00, 0x00, 0x00, 0x00, 0x00, 0x00, 0x00, 0x00, 0x00, 0x00, 0x00, 0x00, 0x00, 0xBD, 0xEF, 0xFF,
  0xFF, 0xFF, 0xFD, 0xC0, 0x00, 0x00, 0x00, 0x00, 0x00, 0x00, 0x00, 0x00, 0x00, 0x00, 0x00, 0x00,
  0x00, 0x00, 0x00, 0x00, 0x00, 0x00, 0x00, 0x00, 0x00, 0x00, 0x00, 0x0B, 0xDF, 0xFF, 0xFF, 0xFF,
  0xFF, 0xFF, 0xFF, 0xFF, 0xDB, 0x00, 0x00, 0x00, 0x00, 0x00, 0x00, 0x00, 0x00, 0x00, 0x00, 0x00,
  0x00, 0x00, 0x00, 0x00, 0x00, 0x00, 0x00, 0x00, 0x00, 0x00, 0x0A, 0xAE, 0xFF, 0xFF, 0xFF, 0xFF,
  0xFF, 0xFF, 0xFF, 0xFF, 0xED, 0xD0, 0x00, 0x00, 0x00, 0x00, 0x00, 0x00, 0x00, 0x00, 0x00, 0x00,
  0x00, 0x00, 0x00, 0x00, 0x00, 0x00, 0x00, 0x00, 0x00, 0x00, 0xDE, 0xBE, 0xDF, 0xFF, 0xFF, 0xFF,
  0xFF, 0xFF, 0xFF, 0xFF, 0xFE, 0xFE, 0xC0, 0x00, 0x00, 0x00, 0x00, 0x00, 0x00, 0x00, 0x00, 0x00,
  0x00, 0x00, 0x00, 0x00, 0x00, 0x00, 0x00, 0x00, 0x00, 0xBA, 0xDE, 0xEE, 0xDE, 0xFF, 0xFF, 0xFF,
  0xFF, 0xFF, 0xFF, 0xFF, 0xFF, 0xD9, 0xCD, 0x00, 0x00, 0x00, 0x00, 0x00, 0x00, 0x00, 0x00, 0x00,
  0x00, 0x00, 0x00, 0x00, 0x00, 0x00, 0x00, 0x00, 0x07, 0x88, 0xAD, 0xAE, 0xFF, 0xFF, 0xFF, 0xFF,
  0xFF, 0xFF, 0xFF, 0xFF, 0xFB, 0x54, 0x37, 0xC0, 0x00, 0x00, 0x00, 0x00, 0x00, 0x00, 0x00, 0x00,
  0x00, 0x00, 0x00, 0x00, 0x00, 0x00, 0x00, 0x00, 0x95, 0x89, 0xCE, 0xEF, 0xFE, 0xFE, 0xCF, 0xFF,
  0xFF, 0xFF, 0xFF, 0xFF, 0xFE, 0x83, 0x22, 0x4C, 0x00, 0x00, 0x00, 0x00, 0x00, 0x00, 0x00, 0x00,
  0x00, 0x00, 0x00, 0x00, 0x00, 0x00, 0x00, 0xAA, 0xBC, 0xEC, 0xDB, 0xDE, 0xED, 0xFE, 0xEF, 0xFF,
  0xFF, 0xFF, 0xFF, 0xFF, 0xFF, 0xFC, 0x42, 0x59, 0x70, 0x00, 0x00, 0x00, 0x00, 0x00, 0x00, 0x00,
  0x00, 0x00, 0x00, 0x00, 0x00, 0x00, 0x00, 0x89, 0x77, 0x6B, 0xCD, 0xDE, 0xED, 0xBD, 0xFF, 0xFE,
  0xFF, 0xFF, 0xFF, 0xFF, 0xDE, 0xBC, 0xFA, 0x44, 0xA0, 0x00, 0x00, 0x00, 0x00, 0x00, 0x00, 0x00,
  0x00, 0x00, 0x00, 0x00, 0x00, 0x06, 0x56, 0x69, 0x58, 0x54, 0x86, 0x7B, 0xDE, 0xCE, 0xFF, 0xDF,
  0xFF, 0xFF, 0xFF, 0xFF, 0xF6, 0x22, 0x6C, 0xD5, 0x99, 0x00, 0x00, 0x00, 0x00, 0x00, 0x00, 0x00,
  0x00, 0x00, 0x00, 0x00, 0x00, 0x00, 0xB8, 0x99, 0x97, 0x8A, 0xCA, 0xE9, 0xED, 0xEE, 0xEE, 0xDC,
  0xEE, 0xFF, 0xFF, 0xFF, 0xC2, 0x22, 0x22, 0x9E, 0x6A, 0x00, 0x00, 0x00, 0x00, 0x00, 0x00, 0x00,
  0x00, 0x00, 0x00, 0x00, 0x00, 0x09, 0x8C, 0xC9, 0xAA, 0xCB, 0xCD, 0xED, 0xDB, 0x83, 0x44, 0x24,
  0xEF, 0xFF, 0xDF, 0xED, 0xD5, 0x23, 0x35, 0x28, 0xC4, 0x70, 0x00, 0x00, 0x00, 0x00, 0x00, 0x00,
  0x00, 0x00, 0x00, 0x00, 0x00, 0x77, 0x45, 0x67, 0x6A, 0x79, 0xCD, 0xEF, 0xD4, 0x12, 0x13, 0x22,
  0xDE, 0xAF, 0xFC, 0xEA, 0xFC, 0x33, 0x22, 0x62, 0xA9, 0xC8, 0x00, 0x00, 0x00, 0x00, 0x00, 0x00,
  0x00, 0x00, 0x00, 0x00, 0x00, 0x00, 0x86, 0x88, 0x97, 0x8C, 0xEE, 0xDB, 0x40, 0x20, 0x00, 0x02,
  0x3B, 0xFF, 0xFC, 0x53, 0xBC, 0xE3, 0x22, 0x33, 0x4C, 0xDC, 0x79, 0x00, 0x00, 0x00, 0x00, 0x00,
  0x00, 0x00, 0x00, 0x00, 0x00, 0x78, 0x67, 0x67, 0x87, 0x84, 0xCF, 0xC0, 0x00, 0x00, 0x00, 0x04,
  0x38, 0xEF, 0xF5, 0x54, 0x29, 0xEE, 0x64, 0x24, 0x5B, 0x7D, 0xCC, 0xB0, 0x00, 0x00, 0x00, 0x00,
  0x00, 0x00, 0x00, 0x07, 0x8B, 0x76, 0xA7, 0x7A, 0xDB, 0x9D, 0xCB, 0x40, 0x00, 0x00, 0x00, 0x05,
  0x3B, 0xFF, 0xF5, 0x26, 0x23, 0x9F, 0xD8, 0x43, 0x35, 0xCD, 0xAF, 0xE8, 0x00, 0x00, 0x00, 0x00,
  0x00, 0x00, 0x00, 0x00, 0x00, 0x00, 0x08, 0x64, 0x65, 0x9A, 0xFA, 0x00, 0x00, 0x00, 0x00, 0x06,
  0x67, 0xEF, 0xE1, 0x25, 0x22, 0x5D, 0xFF, 0xEC, 0xEC, 0xAC, 0xAB, 0xFC, 0x00, 0x00, 0x00, 0x00,
  0x00, 0x00, 0x00, 0x00, 0x00, 0x00, 0x77, 0x54, 0x84, 0x4B, 0xC6, 0x00, 0x00, 0x00, 0x00, 0x04,
  0x7E, 0xDF, 0xD3, 0x21, 0x22, 0x24, 0xFF, 0xFF, 0xFE, 0xFD, 0xDE, 0xCB, 0x00, 0x00, 0x00, 0x00,
  0x00, 0x00, 0x00, 0x00, 0x00, 0x00, 0x75, 0x95, 0x45, 0x4C, 0xB5, 0x00, 0x00, 0x00, 0x05, 0x39,
  0xFF, 0xFF, 0xD3, 0x13, 0x79, 0x21, 0xCF, 0xFF, 0xFF, 0xFA, 0x56, 0x88, 0x70, 0x00, 0x00, 0x00,
  0x00, 0x00, 0x00, 0x00, 0x00, 0x00, 0x66, 0x44, 0x54, 0x48, 0xEA, 0x50, 0x00, 0x00, 0x55, 0xBD,
  0xFF, 0xFF, 0xC2, 0x21, 0xAF, 0x61, 0xCF, 0xFF, 0xFF, 0xD4, 0x22, 0x45, 0x70, 0x00, 0x00, 0x00,
  0x00, 0x00, 0x00, 0x00, 0x00, 0x00, 0x06, 0x34, 0x43, 0x25, 0xDE, 0x90, 0x43, 0x55, 0x44, 0xCE,
  0xFF, 0xDF, 0xFB, 0xCB, 0xCE, 0xFF, 0xFF, 0xFE, 0xFF, 0xFE, 0x9B, 0xCB, 0xB8, 0x00, 0x00, 0x00,
  0x00, 0x00, 0x00, 0x00, 0x00, 0x07, 0x65, 0x44, 0x44, 0x43, 0x9F, 0xEC, 0x37, 0x77, 0xEF, 0xFF,
  0xED, 0xEF, 0xFF, 0xFF, 0xFF, 0xFF, 0xFF, 0xED, 0xFF, 0xFF, 0xFE, 0xED, 0xEC, 0x00, 0x00, 0x00,
  0x00, 0x00, 0x00, 0x00, 0x00, 0x88, 0x84, 0x53, 0x54, 0x42, 0x28, 0xB9, 0xED, 0xCE, 0xEF, 0xDA,
  0xAC, 0xFF, 0xFE, 0xDE, 0xFF, 0xEE, 0xEC, 0xCB, 0xDE, 0xCA, 0x89, 0xAB, 0xEE, 0x00, 0x00, 0x00,
  0x00, 0x00, 0x09, 0x76, 0x76, 0x57, 0x68, 0x7B, 0x66, 0x53, 0x9B, 0x9E, 0xFE, 0xCC, 0x99, 0x68,
  0xAC, 0xEE, 0xEE, 0xEE, 0xEB, 0x75, 0x7A, 0xA3, 0x75, 0x42, 0x22, 0x35, 0x9C, 0x00, 0x00, 0x00,
  0x00, 0x00, 0x00, 0x00, 0x00, 0x66, 0x56, 0x57, 0x86, 0x42, 0xCE, 0xDE, 0xC9, 0xA7, 0x74, 0x8B,
  0xCD, 0xEC, 0xC7, 0x63, 0x36, 0xDF, 0x9F, 0xF9, 0xEF, 0x75, 0x33, 0x44, 0x96, 0x00, 0x00, 0x00,
  0x00, 0x00, 0x00, 0x00, 0x00, 0x07, 0x55, 0x66, 0x43, 0x23, 0x9E, 0xFE, 0x8C, 0xEE, 0x63, 0x68,
  0x9C, 0xEB, 0x63, 0x6F, 0xE8, 0xFF, 0x9F, 0xFA, 0xEF, 0xAD, 0x11, 0x48, 0xE9, 0x00, 0x00, 0x00,
  0x00, 0x00, 0x00, 0x00, 0x00, 0x00, 0x56, 0x65, 0x65, 0x66, 0xAD, 0xDC, 0xC9, 0xA6, 0x56, 0x89,
  0xCC, 0x63, 0x8D, 0x6F, 0xF9, 0xDF, 0xDC, 0xCA, 0xCA, 0xBD, 0x33, 0x5D, 0xC0, 0x00, 0x00, 0x00,
  0x00, 0x00, 0x00, 0x09, 0x99, 0x97, 0x89, 0x78, 0x58, 0xBD, 0xEF, 0xFE, 0xDC, 0x41, 0x22, 0x49,
  0xC4, 0x95, 0xCF, 0x8D, 0xEC, 0x00, 0x00, 0x00, 0x00, 0xBE, 0x73, 0xBE, 0xC0, 0x00, 0x00, 0x00,
  0x00, 0x07, 0x00, 0x00, 0x67, 0x77, 0x98, 0x8A, 0xAC, 0x9D, 0xB9, 0xAC, 0xA5, 0x31, 0x32, 0xA5,
  0x95, 0x9B, 0x9F, 0xB5, 0xA0, 0x00, 0x00, 0x00, 0x00, 0x0B, 0x37, 0xD8, 0xA0, 0x00, 0x00, 0x00,
  0x00, 0x00, 0x00, 0x00, 0x00, 0x00, 0x86, 0x43, 0x58, 0xAB, 0xC9, 0xB9, 0xB6, 0x21, 0x23, 0x55,
  0x98, 0xBE, 0x5B, 0x90, 0x00, 0x00, 0x00, 0x00, 0x00, 0x07, 0x37, 0xDB, 0x00, 0x00, 0x00, 0x00,
  0x00, 0x00, 0x00, 0x08, 0x89, 0x88, 0xA8, 0x8C, 0xEE, 0xFD, 0xEB, 0x75, 0x06, 0x32, 0x80, 0x06,
  0x9E, 0xBC, 0x00, 0x00, 0x00, 0x00, 0x00, 0x00, 0x00, 0x00, 0x69, 0xDA, 0x00, 0x00, 0x00, 0x00,
  0x00, 0x00, 0x00, 0x00, 0x00, 0x08, 0x55, 0x57, 0x5D, 0x86, 0x68, 0x40, 0x00, 0x00, 0x00, 0x05,
  0x98, 0xB0, 0x00, 0x00, 0x00, 0x00, 0x00, 0x00, 0x00, 0x00, 0x76, 0xCA, 0x00, 0x00, 0x00, 0x00,
  0x00, 0x00, 0x00, 0x00, 0x00, 0x06, 0x55, 0x64, 0x79, 0x42, 0x46, 0x60, 0x00, 0x00, 0x00, 0x09,
  0x60, 0x00, 0x00, 0x00, 0x00, 0x00, 0x00, 0x00, 0x00, 0x00, 0x59, 0xD0, 0x00, 0x00, 0x00, 0x00,
  0x00, 0x00, 0x00, 0x00, 0x00, 0x65, 0x66, 0x55, 0x68, 0x22, 0x40, 0x00, 0x00, 0x00, 0x00, 0x00,
  0x00, 0x00, 0x00, 0x00, 0x00, 0x00, 0x00, 0x00, 0x00, 0x00, 0x7D, 0xD0, 0x00, 0x00, 0x00, 0x00,
  0x00, 0x00, 0x00, 0x00, 0x05, 0x88, 0x65, 0x78, 0x96, 0x25, 0x00, 0x00, 0x00, 0xA0, 0x00, 0x00,
  0x00, 0x00, 0x00, 0x00, 0x00, 0x00, 0x00, 0x00, 0x00, 0x00, 0x7A, 0x90, 0x00, 0x00, 0x00, 0x00,
  0x00, 0x00, 0x00, 0x00, 0x00, 0x00, 0x00, 0x76, 0xC5, 0x40, 0x00, 0x00, 0x05, 0xA8, 0x20, 0x00,
  0x00, 0x00, 0x00, 0x00, 0x00, 0x00, 0x00, 0x00, 0x00, 0x00, 0x6C, 0x80, 0x00, 0x00, 0x00, 0x00,
  0x00, 0x00, 0x00, 0x00, 0x00, 0x00, 0x00, 0x56, 0xC9, 0x60, 0x00, 0x00, 0x05, 0xAE, 0x80, 0x00,
  0x00, 0x00, 0x00, 0x00, 0x00, 0x00, 0x00, 0x00, 0x00, 0x07, 0x6F, 0x00, 0x00, 0x00, 0x00, 0x00,
  0x00, 0x00, 0x00, 0x00, 0x00, 0x00, 0x77, 0x06, 0x3A, 0x45, 0xA8, 0x98, 0x83, 0xAE, 0xB5, 0x46,
  0xA9, 0xA0, 0x00, 0x00, 0x00, 0x00, 0x00, 0x00, 0x00, 0xA8, 0x7E, 0x80, 0x00, 0x00, 0x00, 0x00,
  0x00, 0x00, 0x00, 0x00, 0x00, 0x06, 0x70, 0x00, 0x69, 0x64, 0x5A, 0xBB, 0x99, 0xCD, 0xFB, 0x80,
  0x00, 0x90, 0x00, 0x00, 0x00, 0x00, 0x00, 0x00, 0x09, 0x98, 0x9E, 0x00, 0x00, 0x00, 0x00, 0x00,
  0x00, 0x00, 0x00, 0x00, 0x06, 0x57, 0x64, 0x00, 0x56, 0x75, 0x46, 0x35, 0xC5, 0x9B, 0xCE, 0x98,
  0x00, 0x00, 0x00, 0x00, 0x00, 0x00, 0x00, 0x00, 0x00, 0x06, 0x8E, 0x60, 0x00, 0x00, 0x00, 0x00,
  0x00, 0x00, 0x00, 0x00, 0x00, 0x00, 0x00, 0x00, 0x57, 0x57, 0x31, 0x78, 0x7C, 0x7E, 0x7D, 0xB8,
  0x90, 0x00, 0x00, 0x00, 0x00, 0x00, 0x00, 0x00, 0x00, 0x8B, 0x7E, 0xB0, 0x00, 0x00, 0x00, 0x00,
  0x00, 0x00, 0x00, 0x00, 0x00, 0x00, 0x00, 0x00, 0x64, 0x45, 0x24, 0x4A, 0x7D, 0xDA, 0xDE, 0xFC,
  0x78, 0x00, 0x00, 0x00, 0x00, 0x00, 0x00, 0x00, 0x00, 0x8D, 0x7E, 0xD0, 0x00, 0x00, 0x00, 0x00,
  0x00, 0x00, 0x00, 0x00, 0x00, 0x00, 0x00, 0x00, 0x76, 0x48, 0x25, 0x25, 0xBE, 0xCC, 0xAB, 0xEF,
  0x58, 0xB0, 0x00, 0x00, 0x00, 0x00, 0x00, 0x00, 0x00, 0x9D, 0xAB, 0xC8, 0x00, 0x00, 0x00, 0x00,
  0x00, 0x00, 0x00, 0x00, 0x00, 0x00, 0x00, 0x00, 0x77, 0x44, 0x64, 0x22, 0x69, 0xCC, 0xCA, 0xEE,
  0x75, 0x9B, 0x00, 0x00, 0x00, 0x00, 0x00, 0x0B, 0xCD, 0x6E, 0xC6, 0xB9, 0xEE, 0xC0, 0x00, 0x00,
  0x00, 0x00, 0x00, 0x00, 0x00, 0x00, 0x00, 0x00, 0x67, 0x74, 0x36, 0x34, 0x22, 0x9D, 0xBB, 0x9E,
  0xF4, 0x7A, 0xD0, 0x00, 0x00, 0x00, 0x0D, 0xBB, 0xFF, 0x6E, 0xD4, 0xB6, 0xCF, 0xE0, 0x00, 0x00,
  0x00, 0x00, 0x00, 0x00, 0x00, 0x00, 0x00, 0x00, 0x06, 0x75, 0x65, 0x22, 0x75, 0x3C, 0xCE, 0xBD,
  0xCD, 0x33, 0xEE, 0x6C, 0xC0, 0xDE, 0xBF, 0xD7, 0xEF, 0xCB, 0xC2, 0x3A, 0xFF, 0xFC, 0x00, 0x00,
  0x00, 0x00, 0x00, 0x00, 0x00, 0x00, 0x00, 0x00, 0x00, 0x66, 0x34, 0x64, 0x43, 0x55, 0xCE, 0xBD,
  0xBF, 0xB4, 0x5D, 0x5F, 0xF8, 0xEF, 0x9F, 0xF4, 0xAF, 0xE6, 0x47, 0xDF, 0xFE, 0xFD, 0x00, 0x00,
  0x00, 0x00, 0x00, 0x00, 0x00, 0x00, 0x00, 0x00, 0x00, 0x08, 0x78, 0x77, 0x63, 0x53, 0x7B, 0xD8,
  0xEF, 0xCE, 0x62, 0x6E, 0xF5, 0xBF, 0x8E, 0xF8, 0x49, 0x56, 0xBF, 0xEE, 0xFF, 0xFD, 0x00, 0x00,
  0x00, 0x00, 0x00, 0x00, 0x00, 0x00, 0x00, 0x00, 0x00, 0x00, 0x00, 0x00, 0x00, 0x00, 0x8D, 0xDD,
  0xBC, 0xBD, 0xD3, 0x35, 0xA4, 0x8D, 0x76, 0x83, 0x57, 0x8C, 0xAD, 0xFE, 0xFF, 0xFD, 0x00, 0x00,
  0x00, 0x00, 0x00, 0x00, 0x00, 0x00, 0x00, 0x00, 0x00, 0x00, 0x00, 0x00, 0x00, 0x00, 0x0D, 0xDE,
  0xDD, 0xFE, 0xEE, 0x76, 0x43, 0x33, 0x48, 0xAE, 0xCD, 0xDF, 0xDF, 0xFE, 0xFE, 0xFD, 0x00, 0x00,
  0x00, 0x00, 0x00, 0x00, 0x00, 0x00, 0x00, 0x00, 0x00, 0x00, 0x00, 0x00, 0x00, 0x00, 0x00, 0xEE,
  0xCD, 0xFC, 0xCD, 0xCB, 0xA8, 0x4B, 0xDE, 0xCE, 0xDF, 0xFD, 0xFF, 0xFF, 0xFE, 0xFC, 0x00, 0x00,
  0x00, 0x00, 0x00, 0x00, 0x00, 0x00, 0x00, 0x00, 0x00, 0x00, 0x00, 0x00, 0x00, 0x00, 0x00, 0xCC,
  0xEE, 0xFC, 0xEA, 0xCD, 0xCC, 0xBC, 0xDF, 0xED, 0xEF, 0xFF, 0xFF, 0xFF, 0xEF, 0xED, 0x00, 0x00,
  0x00, 0x00, 0x00, 0x00, 0x00, 0x00, 0x00, 0x00, 0x00, 0x00, 0x00, 0x00, 0x00, 0x00, 0x00, 0x0C,
  0xFD, 0xFC, 0xDC, 0xEE, 0xEE, 0xDE, 0xDF, 0xFF, 0xFF, 0xFF, 0xFF, 0xFF, 0xFF, 0xFF, 0xC0, 0x00,
  0x00, 0x00, 0x00, 0x00, 0x00, 0x00, 0x00, 0x00, 0x00, 0x00, 0x00, 0x00, 0x00, 0x00, 0x00, 0x00,
  0xFE, 0xFF, 0xCE, 0xEE, 0xEF, 0xEC, 0xCD, 0xEF, 0xFF, 0xFF, 0xFF, 0xFF, 0xFE, 0xDD, 0xC0, 0x00,
  0x00, 0x00, 0x00, 0x00, 0x00, 0x00, 0x00, 0x00, 0x00, 0x00, 0x00, 0x00, 0x00, 0x00, 0x00, 0x00,
  0xDE, 0xFD, 0xBD, 0xFE, 0xAE, 0xDC, 0xED, 0xDF, 0xFF, 0xEF, 0xFE, 0xFF, 0xFB, 0xD0, 0x00, 0x00,
  0x00, 0x00, 0x00, 0x00, 0x00, 0x00, 0x00, 0x00, 0x00, 0x00, 0x00, 0x00, 0x00, 0x00, 0x00, 0x00,
  0xAB, 0xBB, 0xBC, 0xDD, 0xDE, 0xEC, 0xEF, 0xFD, 0xFE, 0xDF, 0xFE, 0xDD, 0xD0, 0x00, 0x00, 0x00,
  0x00, 0x00, 0x00, 0x00, 0x00, 0x00, 0x00, 0x00, 0x00, 0x00, 0x00, 0x00, 0x00, 0x00, 0x00, 0x00,
  0x00, 0x00, 0x00, 0x00, 0x8C, 0xCD, 0xDF, 0xFE, 0xED, 0xDC, 0xC0, 0x00, 0x00, 0x00, 0x00, 0x00,
  0x00, 0x00, 0x00, 0x00, 0x00, 0x00, 0x00, 0x00, 0x00, 0x00, 0x00, 0x00, 0x00, 0x00, 0x00, 0x00,
  0x00, 0x00, 0x00, 0x00, 0x00, 0x00, 0xBD, 0x9A, 0xCC, 0x00, 0x00, 0x00, 0x00, 0x00, 0x00, 0x00,
  0x00, 0x00, 0x00, 0x00, 0x00, 0x00, 0x00, 0x00, 0x00, 0x00, 0x00, 0x00, 0x00, 0x00, 0x00, 0x00,
  0x00, 0x00, 0x00, 0x00, 0x00, 0x00, 0x00, 0x00, 0x00, 0x00, 0x00, 0x00, 0x00, 0x00, 0x00, 0x00,
  0x00, 0x00, 0x00, 0x00, 0x00, 0x00, 0x00, 0x00, 0x00, 0x00, 0x00, 0x00, 0x00, 0x00, 0x00, 0x00,
  0x00, 0x00, 0x00, 0x00, 0x00, 0x00, 0x00, 0x00, 0x00, 0x00, 0x00, 0x00, 0x00, 0x00, 0x00, 0x00,
  0x00, 0x00, 0x00, 0x00, 0x00, 0x00, 0x00, 0x00, 0x00, 0x00, 0x00, 0x00, 0x00, 0x00, 0x00, 0x00,
  0x00, 0x00, 0x00, 0x00, 0x00, 0x00, 0x00, 0x00, 0x00, 0x00, 0x00, 0x00, 0x00, 0x00, 0x00, 0x00,
  0x00, 0x00, 0x00, 0x00, 0x00, 0x00, 0x00, 0x00, 0x00, 0x00, 0x00, 0x00, 0x00, 0x00, 0x00, 0x00,
  0x00, 0x00, 0x00, 0x00, 0x00, 0x00, 0x00, 0x00, 0x00, 0x00, 0x00, 0x00, 0x00, 0x00, 0x00, 0x00,
};
static const uint8_t BOOT_SKULL_2_DATA[] PROGMEM = {
  0x00, 0x00, 0x00, 0x00, 0x00, 0x00, 0x00, 0x00, 0x00, 0x00, 0x00, 0x00, 0x00, 0x00, 0x00, 0x00,
  0x00, 0x00, 0x00, 0x00, 0x00, 0x00, 0x00, 0x00, 0x00, 0x00, 0x00, 0x00, 0x00, 0x00, 0x00, 0x00,
  0x00, 0x00, 0x00, 0x00, 0x00, 0x00, 0x00, 0x00, 0x00, 0x00, 0x00, 0x00, 0x00, 0xDC, 0xEE, 0xFF,
  0xFD, 0xDC, 0x00, 0x00, 0x00, 0x00, 0x00, 0x00, 0x00, 0x00, 0x00, 0x00, 0x00, 0x00, 0x00, 0x00,
  0x00, 0x00, 0x00, 0x00, 0x00, 0x00, 0x00, 0x00, 0x00, 0x00, 0x00, 0x0C, 0xEE, 0xFF, 0xFF, 0xFF,
  0xFF, 0xFF, 0xFD, 0x00, 0x00, 0x00, 0x00, 0x00, 0x00, 0x00, 0x00, 0x00, 0x00, 0x00, 0x00, 0x00,
  0x00, 0x00, 0x00, 0x00, 0x00, 0x00, 0x00, 0x00, 0x00, 0x00, 0x0C, 0xDF, 0xFF, 0xFF, 0xFF, 0xFF,
  0xFF, 0xFF, 0xFF, 0xFD, 0xCC, 0x00, 0x00, 0x00, 0x00, 0x00, 0x00, 0x00, 0x00, 0x00, 0x00, 0x00,
  0x00, 0x00, 0x00, 0x00, 0x00, 0x00, 0x00, 0x00, 0x00, 0x0B, 0xCE, 0xEE, 0xFF, 0xFF, 0xFF, 0xFF,
  0xFF, 0xFF, 0xFF, 0xFF, 0xBD, 0xA8, 0x00, 0x00, 0x00, 0x00, 0x00, 0x00, 0x00, 0x00, 0x00, 0x00,
  0x00, 0x00, 0x00, 0x00, 0x00, 0x00, 0x00, 0x00, 0x00, 0x9A, 0xFF, 0xFF, 0xFF, 0xFF, 0xFF, 0xFF,
  0xFF, 0xFF, 0xFF, 0xFC, 0xEE, 0xA8, 0xB0, 0x00, 0x00, 0x00, 0x00, 0x00, 0x00, 0x00, 0x00, 0x00,
  0x00, 0x00, 0x00, 0x00, 0x00, 0x00, 0x00, 0x00, 0x9C, 0xDE, 0xFF, 0xFE, 0xDF, 0xFF, 0xFF, 0xFF,
  0xFF, 0xFF, 0xFF, 0xFF, 0xFF, 0xEA, 0xAB, 0x9A, 0x99, 0x00, 0x00, 0x00, 0x00, 0x00, 0x00, 0x00,
  0x00, 0x00, 0x00, 0x00, 0x00, 0x00, 0x00, 0x00, 0x78, 0xAD, 0xFF, 0xFF, 0xFF, 0xFF, 0xFF, 0xFF,
  0xFF, 0xFF, 0xFF, 0xFF, 0xCD, 0xB8, 0x43, 0x00, 0x00, 0x00, 0x00, 0x00, 0x00, 0x00, 0x00, 0x00,
  0x00, 0x00, 0x00, 0x00, 0x00, 0x00, 0x00, 0x78, 0xA9, 0x9C, 0xEF, 0xEF, 0xFF, 0xFD, 0xFF, 0xFF,
  0xFF, 0xFF, 0xFF, 0xFF, 0xED, 0xB9, 0x55, 0x30, 0x00, 0x00, 0x00, 0x00, 0x00, 0x00, 0x00, 0x00,
  0x00, 0x00, 0x00, 0x00, 0x00, 0x00, 0x0A, 0xAB, 0x99, 0x89, 0xDA, 0xBE, 0xDF, 0xEF, 0xFF, 0xFF,
  0xFF, 0xFF, 0xFF, 0xFE, 0xFF, 0xEE, 0xE7, 0x50, 0x00, 0x00, 0x00, 0x00, 0x00, 0x00, 0x00, 0x00,
  0x00, 0x00, 0x00, 0x00, 0x00, 0x00, 0x08, 0x76, 0x77, 0xEB, 0xA9, 0xD9, 0xAB, 0xED, 0xEF, 0xEF,
  0xFF, 0xFF, 0xFE, 0xCE, 0xFF, 0xEE, 0xED, 0x66, 0x80, 0x00, 0x00, 0x00, 0x00, 0x00, 0x00, 0x00,
  0x00, 0x00, 0x00, 0x00, 0x00, 0x00, 0x88, 0x8B, 0xC9, 0xBA, 0xAB, 0xBE, 0xEE, 0xEF, 0xFF, 0xFF,
  0xFF, 0xFE, 0xFE, 0xB2, 0x23, 0x65, 0xBE, 0xFA, 0x66, 0x00, 0x00, 0x00, 0x00, 0x00, 0x00, 0x00,
  0x00, 0x00, 0x00, 0x00, 0x00, 0x00, 0x75, 0x44, 0x47, 0x68, 0x6B, 0xEC, 0xDE, 0xCC, 0xAE, 0xFE,
  0xFF, 0xFF, 0xFF, 0xA2, 0x12, 0x24, 0x29, 0xFF, 0xEA, 0x70, 0x00, 0x00, 0x00, 0x00, 0x00, 0x00,
  0x00, 0x00, 0x00, 0x00, 0x07, 0x67, 0x55, 0x77, 0x7A, 0xAB, 0xDF, 0xEA, 0x44, 0x22, 0x47, 0xDA,
  0xFF, 0xFB, 0xBE, 0xD5, 0x23, 0x24, 0x32, 0xAE, 0xA5, 0x46, 0x66, 0x00, 0x00, 0x00, 0x00, 0x00,
  0x00, 0x00, 0x00, 0x00, 0x00, 0x00, 0x45, 0x54, 0xAA, 0xEE, 0xFD, 0x93, 0x22, 0x41, 0x42, 0x9F,
  0xEF, 0x74, 0x26, 0xFD, 0x55, 0x23, 0x22, 0x6E, 0xD8, 0x77, 0x57, 0x00, 0x00, 0x00, 0x00, 0x00,
  0x00, 0x00, 0x00, 0x00, 0x00, 0x04, 0x55, 0x68, 0x67, 0xCC, 0xB5, 0x21, 0x12, 0x11, 0x14, 0x4D,
  0xDE, 0x42, 0x22, 0x6F, 0xC4, 0x33, 0x22, 0x3D, 0xED, 0x56, 0x54, 0x57, 0x00, 0x00, 0x00, 0x00,
  0x00, 0x00, 0x00, 0x00, 0x00, 0x07, 0x89, 0xA6, 0x9B, 0xCA, 0x22, 0x11, 0x11, 0x22, 0x24, 0x4E,
  0xFB, 0x27, 0x23, 0x3B, 0xFC, 0x54, 0x36, 0x77, 0x9E, 0x86, 0x00, 0x00, 0x00, 0x00, 0x00, 0x00,
  0x00, 0x00, 0x00, 0x00, 0x00, 0x00, 0x77, 0x66, 0x5C, 0x92, 0x11, 0x11, 0x11, 0x21, 0x34, 0x7E,
  0xD8, 0x32, 0x11, 0x23, 0xCF, 0xEE, 0xDC, 0xBC, 0x89, 0xD5, 0x75, 0x70, 0x00, 0x00, 0x00, 0x00,
  0x00, 0x00, 0x00, 0x00, 0x00, 0x00, 0x77, 0x54, 0x6E, 0x61, 0x32, 0x21, 0x11, 0x13, 0x24, 0xBD,
  0xD8, 0x25, 0x63, 0x23, 0x5F, 0xFE, 0xFC, 0xEE, 0xBC, 0xAA, 0x9A, 0x86, 0x77, 0x77, 0x70, 0x00,
  0x00, 0x00, 0x00, 0x00, 0x00, 0x00, 0x46, 0x43, 0x5E, 0x32, 0x32, 0x32, 0x12, 0x22, 0x57, 0xCE,
  0xE8, 0x22, 0x24, 0x14, 0x4B, 0xFE, 0xD7, 0x72, 0x68, 0x65, 0x47, 0x40, 0x00, 0x00, 0x00, 0x00,
  0x00, 0x00, 0x00, 0x00, 0x00, 0x05, 0x55, 0x33, 0x8D, 0x85, 0x24, 0x21, 0x23, 0x85, 0x4D, 0xEF,
  0xF8, 0x32, 0x15, 0x34, 0x38, 0xFF, 0xFD, 0xF7, 0x8D, 0xF7, 0x87, 0x80, 0x00, 0x00, 0x00, 0x00,
  0x00, 0x00, 0x00, 0x00, 0x00, 0x66, 0x65, 0x35, 0x7D, 0xA2, 0x32, 0x34, 0x75, 0x56, 0x8E, 0xEC,
  0xF7, 0x21, 0x23, 0xAA, 0x9A, 0xFF, 0xFD, 0xE8, 0xBF, 0xEB, 0x78, 0x65, 0x00, 0x00, 0x00, 0x00,
  0x00, 0x00, 0x00, 0x00, 0x67, 0x77, 0x45, 0x73, 0x4B, 0xD9, 0x24, 0x34, 0x48, 0xF9, 0xEC, 0xEC,
  0xFD, 0x76, 0xAD, 0xFF, 0xEE, 0xDF, 0xFF, 0xEB, 0x7D, 0xED, 0xD8, 0x47, 0x00, 0x00, 0x00, 0x00,
  0x00, 0x00, 0x00, 0x00, 0x57, 0x34, 0x44, 0x43, 0x5B, 0xFF, 0xA4, 0x14, 0xCF, 0xEE, 0xFF, 0xFF,
  0xFF, 0xFF, 0xFF, 0xFE, 0xFB, 0xCB, 0xEF, 0xFF, 0xEC, 0xDF, 0xEF, 0xD7, 0x00, 0x00, 0x00, 0x00,
  0x00, 0x00, 0x00, 0x06, 0x46, 0x06, 0x33, 0x53, 0x38, 0xDE, 0xD5, 0xCE, 0xFF, 0xDE, 0xCF, 0xFE,
  0xEF, 0xFF, 0xFD, 0xC6, 0x76, 0x73, 0x27, 0xCF, 0xFB, 0xDE, 0xFE, 0xD9, 0x8A, 0x00, 0x00, 0x00,
  0x00, 0x00, 0x00, 0x00, 0x00, 0x00, 0x65, 0x56, 0x5B, 0xCE, 0xED, 0xEE, 0xDB, 0x59, 0xEF, 0xED,
  0xFF, 0xFB, 0x96, 0x5E, 0xE7, 0xFE, 0xD7, 0x25, 0x62, 0x33, 0x46, 0x5B, 0x66, 0x00, 0x00, 0x00,
  0x00, 0x00, 0x00, 0x00, 0x00, 0x00, 0x56, 0x06, 0x65, 0xBE, 0xEE, 0xBD, 0x84, 0x79, 0xBC, 0xAD,
  0xB8, 0x33, 0x8E, 0x8F, 0xF8, 0xFF, 0xEF, 0xA5, 0x42, 0x33, 0x57, 0xD6, 0x50, 0x00, 0x00, 0x00,
  0x00, 0x00, 0x00, 0x00, 0x00, 0x00, 0x00, 0x08, 0xAE, 0xCF, 0xEE, 0xB5, 0x6A, 0xAE, 0xCE, 0xD8,
  0x37, 0xDA, 0xFF, 0x9E, 0xF8, 0xDE, 0xCF, 0xCD, 0xC4, 0x53, 0x6E, 0x84, 0x00, 0x00, 0x00, 0x00,
  0x00, 0x00, 0x00, 0x00, 0x00, 0x00, 0x00, 0x46, 0x88, 0xA9, 0xE6, 0x15, 0x75, 0x49, 0xDE, 0x73,
  0x7B, 0xFB, 0xEF, 0xC8, 0xC0, 0x00, 0x0D, 0xBD, 0xD5, 0x37, 0xBC, 0x70, 0x00, 0x00, 0x00, 0x00,
  0x00, 0x00, 0x89, 0x89, 0x89, 0x78, 0x9B, 0xBC, 0xEE, 0xEF, 0xC3, 0x48, 0x42, 0x48, 0xE5, 0x4A,
  0x4D, 0xFD, 0x9C, 0x00, 0x00, 0x00, 0x00, 0x0B, 0xB7, 0x49, 0xF7, 0x80, 0x00, 0x00, 0x00, 0x00,
  0x00, 0x00, 0x00, 0x00, 0x00, 0x67, 0x68, 0x5E, 0xEE, 0xDD, 0x83, 0x46, 0x56, 0x55, 0xD7, 0x7F,
  0xCB, 0xEC, 0x00, 0x00, 0x00, 0x00, 0x00, 0x00, 0x97, 0x2C, 0xE7, 0x00, 0x00, 0x00, 0x00, 0x00,
  0x00, 0x00, 0x00, 0x00, 0x00, 0x56, 0x66, 0x7A, 0xED, 0xCC, 0x85, 0x56, 0x60, 0x48, 0x5A, 0x8E,
  0xE6, 0xA0, 0x00, 0x00, 0x00, 0x00, 0x00, 0x00, 0x85, 0x3C, 0x97, 0x67, 0x80, 0x00, 0x00, 0x00,
  0x00, 0x00, 0x00, 0x00, 0x00, 0x67, 0x79, 0xBB, 0xB6, 0x64, 0x53, 0x33, 0x00, 0x05, 0x9A, 0x99,
  0xA0, 0x00, 0x00, 0x00, 0x00, 0x00, 0x00, 0x00, 0x87, 0x6D, 0x86, 0x60, 0x00, 0x00, 0x00, 0x00,
  0x00, 0x00, 0x00, 0x00, 0x00, 0x67, 0x68, 0x54, 0x33, 0x33, 0x34, 0x45, 0x00, 0x05, 0x9E, 0xC6,
  0x00, 0x00, 0x00, 0x00, 0x00, 0x00, 0x00, 0x00, 0x08, 0x3E, 0x70, 0x00, 0x00, 0x00, 0x00, 0x00,
  0x00, 0x00, 0x00, 0x00, 0x06, 0x06, 0x53, 0x34, 0x33, 0x32, 0x24, 0x45, 0x00, 0x08, 0x6A, 0xA8,
  0x00, 0x00, 0x00, 0x00, 0x00, 0x00, 0x00, 0x00, 0x05, 0x5A, 0x80, 0x00, 0x00, 0x00, 0x00, 0x00,
  0x00, 0x00, 0x00, 0x09, 0x88, 0x65, 0x57, 0x43, 0x42, 0x22, 0x30, 0x00, 0x00, 0x00, 0x76, 0x00,
  0x00, 0x00, 0x00, 0x00, 0x00, 0x00, 0x00, 0x00, 0x06, 0x3D, 0x60, 0x00, 0x00, 0x00, 0x00, 0x00,
  0x00, 0x00, 0x00, 0x00, 0x55, 0x0A, 0x45, 0x34, 0x65, 0x42, 0x00, 0x00, 0x00, 0x00, 0x00, 0x00,
  0x00, 0x00, 0x00, 0x00, 0x00, 0x00, 0x00, 0x09, 0x96, 0x4D, 0x60, 0x00, 0x00, 0x00, 0x00, 0x00,
  0x00, 0x00, 0x00, 0x00, 0x00, 0x00, 0x60, 0x00, 0x65, 0x55, 0x06, 0x87, 0xA0, 0x00, 0x00, 0x00,
  0x00, 0x00, 0x00, 0x00, 0x00, 0x00, 0x00, 0x00, 0x58, 0x7D, 0x80, 0x00, 0x00, 0x00, 0x00, 0x00,
  0x00, 0x00, 0x00, 0x00, 0x00, 0x00, 0x00, 0x06, 0x66, 0x66, 0x54, 0x69, 0xA0, 0x00, 0x00, 0x00,
  0x00, 0x00, 0x00, 0x00, 0x00, 0x00, 0x00, 0x00, 0x05, 0x8D, 0x00, 0x00, 0x00, 0x00, 0x00, 0x00,
  0x00, 0x00, 0x00, 0x00, 0x00, 0x00, 0x06, 0x76, 0x55, 0x44, 0x36, 0xCA, 0x78, 0x47, 0x60, 0x87,
  0xA0, 0x00, 0x00, 0x00, 0x00, 0x00, 0x00, 0x00, 0x85, 0x6C, 0x00, 0x00, 0x00, 0x00, 0x00, 0x00,
  0x00, 0x00, 0x00, 0x00, 0x00, 0x00, 0x00, 0x76, 0x54, 0x23, 0x35, 0x65, 0x97, 0x66, 0x80, 0x00,
  0x00, 0x00, 0x00, 0x00, 0x00, 0x00, 0x00, 0x00, 0x86, 0x8D, 0x00, 0x00, 0x00, 0x00, 0x00, 0x00,
  0x00, 0x00, 0x00, 0x00, 0x00, 0x00, 0x00, 0x66, 0x5A, 0xDB, 0xB3, 0x9C, 0xEB, 0x35, 0x80, 0x00,
  0x00, 0x00, 0x00, 0x00, 0x00, 0x00, 0x00, 0x00, 0x77, 0x7D, 0x00, 0x00, 0x00, 0x00, 0x00, 0x00,
  0x00, 0x00, 0x00, 0x00, 0x00, 0x00, 0x00, 0x66, 0x68, 0x7D, 0xD4, 0x28, 0xDE, 0xB4, 0x70, 0x00,
  0x00, 0x00, 0x00, 0x00, 0x00, 0x00, 0x00, 0x00, 0x59, 0x7E, 0x00, 0x00, 0x00, 0x00, 0x00, 0x00,
  0x00, 0x00, 0x00, 0x00, 0x00, 0x00, 0x66, 0x55, 0x65, 0x69, 0xD9, 0x35, 0xCD, 0xE3, 0x46, 0x00,
  0x00, 0x00, 0x00, 0x00, 0x00, 0x00, 0x00, 0x00, 0x7B, 0x7E, 0xC0, 0x00, 0x00, 0x00, 0x00, 0x00,
  0x00, 0x00, 0x00, 0x00, 0x00, 0x00, 0x06, 0x45, 0x53, 0x66, 0x9A, 0x9A, 0x7C, 0xEE, 0x63, 0x80,
  0x00, 0x00, 0x00, 0x00, 0x00, 0x00, 0x00, 0x0C, 0x9D, 0x2B, 0xB9, 0x90, 0x80, 0x00, 0x00, 0x00,
  0x00, 0x00, 0x00, 0x00, 0x00, 0x00, 0x00, 0x00, 0x70, 0x44, 0x56, 0xBB, 0xA7, 0xAE, 0x95, 0x49,
  0xBC, 0x00, 0x00, 0x00, 0x00, 0x00, 0x09, 0xBF, 0xAE, 0x7D, 0xDE, 0xCA, 0x80, 0x00, 0x00, 0x00,
  0x00, 0x00, 0x00, 0x00, 0x00, 0x00, 0x00, 0x00, 0x00, 0x07, 0x44, 0x38, 0x89, 0x3C, 0xEB, 0x25,
  0x7D, 0x6A, 0x90, 0x00, 0x00, 0xCA, 0xEB, 0xDF, 0x6D, 0x9C, 0xEE, 0xD8, 0x00, 0x00, 0x00, 0x00,
  0x00, 0x00, 0x00, 0x00, 0x00, 0x00, 0x00, 0x00, 0x00, 0x00, 0x04, 0x56, 0xA9, 0x8B, 0xBC, 0x84,
  0x58, 0x6E, 0xE8, 0xDA, 0xBF, 0xF9, 0xFD, 0x9E, 0x8B, 0x3E, 0xFB, 0xA9, 0x00, 0x00, 0x00, 0x00,
  0x00, 0x00, 0x00, 0x00, 0x00, 0x00, 0x00, 0x00, 0x00, 0x05, 0x77, 0x57, 0x99, 0xCC, 0xBB, 0xE5,
  0x23, 0x5D, 0xF4, 0xF9, 0xAF, 0xE8, 0xED, 0x3A, 0x45, 0xCE, 0xFF, 0xE9, 0x99, 0x80, 0x00, 0x00,
  0x00, 0x00, 0x00, 0x00, 0x00, 0x00, 0x00, 0x00, 0x00, 0x06, 0x60, 0x54, 0x9B, 0xDD, 0xCC, 0xDB,
  0xA7, 0x29, 0xE2, 0xFC, 0x4C, 0xA4, 0xCD, 0x44, 0x6D, 0xFF, 0xFF, 0xFF, 0xEC, 0xA0, 0x00, 0x00,
  0x00, 0x00, 0x00, 0x00, 0x00, 0x00, 0x00, 0x00, 0x00, 0x00, 0x00, 0x45, 0x57, 0xBC, 0xBD, 0xCE,
  0xAD, 0x83, 0x32, 0x35, 0x33, 0x63, 0x33, 0x5A, 0xEE, 0xEF, 0xFF, 0xF9, 0x00, 0x00, 0x00, 0x00,
  0x00, 0x00, 0x00, 0x00, 0x00, 0x00, 0x00, 0x00, 0x00, 0x00, 0x00, 0x68, 0x44, 0x7B, 0xCB, 0xDE,
  0xCB, 0xEA, 0x84, 0x32, 0x32, 0x79, 0x7C, 0xEF, 0xFF, 0xFF, 0xFF, 0xD7, 0x00, 0x00, 0x00, 0x00,
  0x00, 0x00, 0x00, 0x00, 0x00, 0x00, 0x00, 0x00, 0x00, 0x00, 0x00, 0x68, 0x46, 0x6A, 0xAD, 0xDD,
  0xFE, 0xED, 0xCC, 0xB9, 0x89, 0xDF, 0xDF, 0xFF, 0xFF, 0xFF, 0xEE, 0xDD, 0x89, 0x00, 0x00, 0x00,
  0x00, 0x00, 0x00, 0x00, 0x00, 0x00, 0x00, 0x00, 0x00, 0x00, 0x00, 0x67, 0x75, 0x66, 0xAA, 0xDE,
  0xFF, 0xEE, 0xCE, 0xFE, 0xFF, 0xEE, 0xFF, 0xFF, 0xFF, 0xFF, 0xFF, 0xFF, 0xBA, 0x98, 0x98, 0x00,
  0x00, 0x00, 0x00, 0x00, 0x00, 0x00, 0x00, 0x00, 0x00, 0x00, 0x00, 0x00, 0x07, 0x65, 0x6B, 0xCD,
  0xBD, 0xDA, 0xFF, 0xEF, 0xEF, 0xFE, 0xEE, 0xFF, 0xFF, 0xFF, 0xFF, 0xFD, 0xBA, 0x99, 0x00, 0x00,
  0x00, 0x00, 0x00, 0x00, 0x00, 0x00, 0x00, 0x00, 0x00, 0x00, 0x00, 0x00, 0x00, 0x00, 0x09, 0xEA,
  0xAD, 0xED, 0xFE, 0xEE, 0xDF, 0xEE, 0xCE, 0xEE, 0xFF, 0xFF, 0xFF, 0xDA, 0x00, 0x00, 0x00, 0x00,
  0x00, 0x00, 0x00, 0x00, 0x00, 0x00, 0x00, 0x00, 0x00, 0x00, 0x00, 0x00, 0x00, 0x00, 0x89, 0xDB,
  0xDD, 0xBE, 0xDC, 0xFF, 0xFD, 0xCF, 0xEF, 0xFF, 0xED, 0xFC, 0xCC, 0xB0, 0x00, 0x00, 0x00, 0x00,
  0x00, 0x00, 0x00, 0x00, 0x00, 0x00, 0x00, 0x00, 0x00, 0x00, 0x00, 0x00, 0x00, 0x00, 0x00, 0x00,
  0x00, 0xBA, 0xBE, 0xEF, 0xDE, 0xEE, 0xEF, 0xDD, 0xCE, 0xEC, 0xB0, 0x00, 0x00, 0x00, 0x00, 0x00,
  0x00, 0x00, 0x00, 0x00, 0x00, 0x00, 0x00, 0x00, 0x00, 0x00, 0x00, 0x00, 0x00, 0x00, 0x00, 0x00,
  0x00, 0x00, 0x00, 0xBC, 0xEE, 0xDC, 0xDE, 0xFE, 0xC9, 0x00, 0x00, 0x00, 0x00, 0x00, 0x00, 0x00,
  0x00, 0x00, 0x00, 0x00, 0x00, 0x00, 0x00, 0x00, 0x00, 0x00, 0x00, 0x00, 0x00, 0x00, 0x00, 0x00,
  0x00, 0x00, 0x00, 0x00, 0x00, 0xAA, 0x0A, 0xBA, 0x00, 0x00, 0x00, 0x00, 0x00, 0x00, 0x00, 0x00,
  0x00, 0x00, 0x00, 0x00, 0x00, 0x00, 0x00, 0x00, 0x00, 0x00, 0x00, 0x00, 0x00, 0x00, 0x00, 0x00,
  0x00, 0x00, 0x00, 0x00, 0x00, 0x00, 0x00, 0x00, 0x00, 0x00, 0x00, 0x00, 0x00, 0x00, 0x00, 0x00,
  0x00, 0x00, 0x00, 0x00, 0x00, 0x00, 0x00, 0x00, 0x00, 0x00, 0x00, 0x00, 0x00, 0x00, 0x00, 0x00,
  0x00, 0x00, 0x00, 0x00, 0x00, 0x00, 0x00, 0x00, 0x00, 0x00, 0x00, 0x00, 0x00, 0x00, 0x00, 0x00,
  0x00, 0x00, 0x00, 0x00, 0x00, 0x00, 0x00, 0x00, 0x00, 0x00, 0x00, 0x00, 0x00, 0x00, 0x00, 0x00,
  0x00, 0x00, 0x00, 0x00, 0x00, 0x00, 0x00, 0x00, 0x00, 0x00, 0x00, 0x00, 0x00, 0x00, 0x00, 0x00,
  0x00, 0x00, 0x00, 0x00, 0x00, 0x00, 0x00, 0x00, 0x00, 0x00, 0x00, 0x00, 0x00, 0x00, 0x00, 0x00,
  0x00, 0x00, 0x00, 0x00, 0x00, 0x00, 0x00, 0x00, 0x00, 0x00, 0x00, 0x00, 0x00, 0x00, 0x00, 0x00,
};
static const uint8_t BOOT_SKULL_3_DATA[] PROGMEM = {
  0x00, 0x00, 0x00, 0x00, 0x00, 0x00, 0x00, 0x00, 0x00, 0x00, 0x00, 0x00, 0x00, 0x00, 0x00, 0x00,
  0x00, 0x00, 0x00, 0x00, 0x00, 0x00, 0x00, 0x00, 0x00, 0x00, 0x00, 0x00, 0x00, 0x00, 0x00, 0x00,
  0x00, 0x00, 0x00, 0x00, 0x00, 0x00, 0x00, 0x00, 0x00, 0x00, 0x00, 0x00, 0x00, 0x00, 0x00, 0x00,
  0x00, 0x00, 0x00, 0x00, 0x00, 0x00, 0x00, 0x00, 0x00, 0x00, 0x00, 0x00, 0x00, 0x00, 0x00, 0x00,
  0x00, 0x00, 0x00, 0x00, 0x00, 0x00, 0x00, 0x00, 0x00, 0x00, 0x00, 0x00, 0x00, 0x0C, 0xDC, 0xBD,
  0x00, 0x00, 0x00, 0x00, 0x00, 0x00, 0x00, 0x00, 0x00, 0x00, 0x00, 0x00, 0x00, 0x00, 0x00, 0x00,
  0x00, 0x00, 0x00, 0x00, 0x00, 0x00, 0x00, 0x00, 0x00, 0x00, 0x00, 0x09, 0x9E, 0xDD, 0xDE, 0xDE,
  0xEF, 0xFD, 0xC0, 0x00, 0x00, 0x00, 0x00, 0x00, 0x00, 0x00, 0x00, 0x00, 0x00, 0x00, 0x00, 0x00,
  0x00, 0x00, 0x00, 0x00, 0x00, 0x00, 0x00, 0x00, 0x00, 0x07, 0x98, 0xB8, 0x89, 0x78, 0x79, 0xDE,
  0xDF, 0xFF, 0xED, 0xB0, 0x70, 0x00, 0x00, 0x00, 0x00, 0x00, 0x00, 0x00, 0x00, 0x00, 0x00, 0x00,
  0x00, 0x00, 0x00, 0x00, 0x00, 0x00, 0x00, 0x00, 0x00, 0x00, 0xAC, 0x98, 0xA9, 0xCD, 0xCD, 0xDF,
  0xFF, 0xFF, 0xFF, 0xD7, 0x76, 0x00, 0x00, 0x00, 0x00, 0x00, 0x00, 0x00, 0x00, 0x00, 0x00, 0x00,
  0x00, 0x00, 0x00, 0x00, 0x00, 0x00, 0x00, 0x00, 0x78, 0xAA, 0x9C, 0xEC, 0xED, 0xDE, 0xFF, 0xFF,
  0xFF, 0xFF, 0xFF, 0xFF, 0xEE, 0xEC, 0x90, 0x00, 0x00, 0x00, 0x00, 0x00, 0x00, 0x00, 0x00, 0x00,
  0x00, 0x00, 0x00, 0x00, 0x00, 0x00, 0x06, 0x67, 0x86, 0x53, 0x57, 0x97, 0x89, 0xCD, 0xFF, 0xFF,
  0xFF, 0xFF, 0xFD, 0x9A, 0xBB, 0x9B, 0x80, 0x00, 0x00, 0x00, 0x00, 0x00, 0x00, 0x00, 0x00, 0x00,
  0x00, 0x00, 0x00, 0x00, 0x00, 0x00, 0x00, 0x06, 0x63, 0x33, 0x46, 0x34, 0x4B, 0x77, 0x9C, 0xED,
  0xEF, 0xFF, 0xFD, 0x9D, 0x64, 0x22, 0x70, 0x00, 0x00, 0x00, 0x00, 0x00, 0x00, 0x00, 0x00, 0x00,
  0x00, 0x00, 0x00, 0x00, 0x00, 0x9A, 0x9A, 0xAA, 0xBB, 0x99, 0x97, 0x78, 0x9B, 0xEF, 0xEE, 0xEE,
  0xEF, 0xDF, 0xFE, 0xEF, 0xED, 0x72, 0x25, 0x00, 0x00, 0x00, 0x00, 0x00, 0x00, 0x00, 0x00, 0x00,
  0x00, 0x00, 0x00, 0x00, 0x00, 0x00, 0x70, 0x55, 0x34, 0x5B, 0xBE, 0xCE, 0xDC, 0xEE, 0xFF, 0xEF,
  0xFF, 0xEF, 0xFD, 0xCD, 0xEE, 0xED, 0x43, 0x70, 0x00, 0x00, 0x00, 0x00, 0x00, 0x00, 0x00, 0x00,
  0x00, 0x00, 0x00, 0x00, 0x00, 0x00, 0x77, 0x79, 0xBC, 0xED, 0x9C, 0xCD, 0xED, 0xEE, 0xBE, 0xDE,
  0xFD, 0xDE, 0xEA, 0x35, 0x7A, 0xDE, 0xA2, 0x40, 0x00, 0x00, 0x00, 0x00, 0x00, 0x00, 0x00, 0x00,
  0x00, 0x00, 0x00, 0x00, 0x00, 0x06, 0x64, 0x44, 0x35, 0x66, 0x6A, 0xC9, 0x7B, 0xAB, 0xCC, 0xBD,
  0xAB, 0xCB, 0xCC, 0x42, 0x22, 0x27, 0xE4, 0x80, 0x00, 0x00, 0x00, 0x00, 0x00, 0x00, 0x00, 0x00,
  0x00, 0x07, 0x79, 0xEC, 0xAB, 0xAB, 0xA9, 0xBA, 0xB6, 0xAD, 0xE9, 0x22, 0x13, 0x2C, 0xFE, 0xDE,
  0xEA, 0x8D, 0xDE, 0x53, 0x42, 0x23, 0xAA, 0x46, 0x00, 0x00, 0x00, 0x00, 0x00, 0x00, 0x00, 0x00,
  0x00, 0x00, 0x00, 0x00, 0x67, 0x55, 0x56, 0x7B, 0xEE, 0xCB, 0x73, 0x23, 0x22, 0x22, 0x6B, 0xDF,
  0xB5, 0x22, 0xBB, 0xA3, 0x45, 0x23, 0x4D, 0x56, 0x30, 0x00, 0x00, 0x00, 0x00, 0x00, 0x00, 0x00,
  0x00, 0x00, 0x00, 0x00, 0x66, 0x55, 0x56, 0x85, 0x8E, 0xC3, 0x12, 0x55, 0x23, 0x34, 0x4C, 0xDE,
  0x41, 0x33, 0x2B, 0xE7, 0x22, 0x27, 0x2A, 0xB3, 0x25, 0x50, 0x06, 0x00, 0x00, 0x00, 0x00, 0x00,
  0x00, 0x00, 0x00, 0x65, 0x56, 0x69, 0x86, 0x88, 0xCE, 0x42, 0x30, 0x00, 0x42, 0x23, 0x5A, 0xED,
  0x62, 0x35, 0x21, 0xAF, 0xB4, 0x25, 0x25, 0xD5, 0x23, 0x66, 0x06, 0x56, 0x00, 0x60, 0x00, 0x00,
  0x00, 0x00, 0x00, 0x75, 0x67, 0x57, 0x65, 0x5B, 0xE6, 0x44, 0x00, 0x00, 0x52, 0x22, 0x9B, 0xBD,
  0x23, 0x38, 0x22, 0x5F, 0xFB, 0x79, 0x88, 0xCA, 0x89, 0xA9, 0x98, 0x85, 0x00, 0x00, 0x00, 0x00,
  0x00, 0x00, 0x00, 0x65, 0x65, 0x54, 0x32, 0x4E, 0x94, 0x00, 0x00, 0x00, 0x65, 0x68, 0xDD, 0xC9,
  0x32, 0x49, 0x51, 0x4C, 0xFF, 0xED, 0xEF, 0xED, 0xCC, 0xCC, 0xB9, 0x88, 0x88, 0x00, 0x00, 0x00,
  0x00, 0x00, 0x05, 0x53, 0x46, 0x24, 0x53, 0x9E, 0x57, 0x00, 0x00, 0x08, 0x65, 0x58, 0xDE, 0xE8,
  0x44, 0x24, 0x44, 0x28, 0xFF, 0xFD, 0xB9, 0xAD, 0x76, 0x52, 0x24, 0x56, 0x00, 0x00, 0x00, 0x00,
  0x00, 0x86, 0x76, 0x68, 0x86, 0x44, 0x32, 0xBE, 0x34, 0x67, 0x64, 0x45, 0x76, 0x7A, 0xDE, 0xD7,
  0x32, 0x11, 0x68, 0x58, 0xED, 0xFF, 0xED, 0xBD, 0xB5, 0x32, 0x22, 0x44, 0x70, 0x00, 0x00, 0x00,
  0x00, 0x00, 0x00, 0x00, 0x00, 0x44, 0x27, 0xBE, 0xB4, 0x43, 0x45, 0x63, 0x49, 0xAD, 0xCE, 0xD8,
  0x23, 0x5B, 0xDD, 0xCB, 0xDD, 0xFF, 0xFE, 0xFE, 0xEC, 0x8A, 0xBD, 0xDB, 0x96, 0x00, 0x00, 0x00,
  0x00, 0x00, 0x00, 0x00, 0x66, 0x54, 0x33, 0x6C, 0xCD, 0x78, 0x75, 0x4B, 0xEE, 0xEC, 0xED, 0xEE,
  0xCD, 0xEF, 0xFF, 0xEF, 0xDE, 0xED, 0xFE, 0xEB, 0xEB, 0x97, 0x57, 0x74, 0x46, 0x00, 0x00, 0x00,
  0x00, 0x00, 0x00, 0x00, 0x64, 0x56, 0x77, 0x5A, 0xDC, 0xD8, 0x9D, 0xED, 0xDD, 0x9B, 0xAC, 0xFF,
  0xEF, 0xFF, 0xFF, 0xC9, 0xDF, 0xDE, 0xFE, 0xEC, 0xEE, 0xEE, 0xDA, 0xA9, 0x78, 0x87, 0x06, 0x00,
  0x00, 0x00, 0x00, 0x00, 0x07, 0x44, 0x44, 0x48, 0xCB, 0xCC, 0xCE, 0xEE, 0xC6, 0xBC, 0xAD, 0xEF,
  0xEA, 0x99, 0x6D, 0x53, 0x65, 0x34, 0x7C, 0xA9, 0xDC, 0xEC, 0xBA, 0xCC, 0x97, 0x87, 0x60, 0x60,
  0x00, 0x00, 0x00, 0x00, 0x53, 0x33, 0x44, 0x23, 0x57, 0x9C, 0xEE, 0xDC, 0x85, 0x77, 0xBC, 0xDC,
  0x96, 0x59, 0x7F, 0xF7, 0xEF, 0xA8, 0x83, 0x34, 0x44, 0xC5, 0x46, 0x65, 0x70, 0x00, 0x00, 0x00,
  0x00, 0x00, 0x00, 0x05, 0x67, 0x56, 0x43, 0x49, 0xBE, 0xDC, 0xCB, 0xB6, 0x57, 0x9D, 0xEC, 0xA4,
  0x57, 0xCF, 0x9F, 0xFB, 0xCF, 0xDA, 0xFC, 0x44, 0x32, 0x29, 0x46, 0x46, 0x00, 0x00, 0x00, 0x00,
  0x00, 0x00, 0x00, 0x00, 0x00, 0x73, 0x65, 0xDE, 0xEE, 0xB7, 0x62, 0x32, 0x5A, 0xAB, 0xDA, 0x37,
  0x9B, 0xDF, 0xAF, 0xFB, 0x9D, 0xC8, 0xFC, 0x75, 0x22, 0x87, 0x48, 0x60, 0x00, 0x00, 0x00, 0x00,
  0x00, 0x00, 0x00, 0x00, 0x07, 0x67, 0x8C, 0xEE, 0xB8, 0xC9, 0x62, 0x22, 0x56, 0x37, 0x54, 0x4E,
  0xFA, 0xEE, 0xEB, 0xD0, 0x00, 0x00, 0xC9, 0xB4, 0x59, 0xDC, 0x48, 0x50, 0x00, 0x00, 0x00, 0x00,
  0x00, 0x00, 0x55, 0x55, 0x63, 0x63, 0x49, 0xCE, 0xFE, 0xFA, 0x72, 0x23, 0x27, 0x57, 0x28, 0x9E,
  0xFC, 0xC0, 0x00, 0x00, 0x00, 0x00, 0x08, 0xA5, 0x48, 0xDF, 0x77, 0x00, 0x00, 0x00, 0x00, 0x00,
  0x00, 0x05, 0x00, 0x06, 0x68, 0x66, 0x55, 0x68, 0x66, 0x54, 0x33, 0x33, 0x37, 0x34, 0x5E, 0xBD,
  0xE8, 0x00, 0x00, 0x00, 0x00, 0x00, 0x07, 0xA5, 0x6B, 0xCE, 0x54, 0x70, 0x00, 0x00, 0x00, 0x00,
  0x07, 0x8A, 0x87, 0x87, 0x98, 0xD9, 0x98, 0x9B, 0x65, 0x51, 0x11, 0x24, 0x34, 0x45, 0xAD, 0xD8,
  0x00, 0x00, 0x00, 0x00, 0x00, 0x00, 0x00, 0xA7, 0xDC, 0xDE, 0xB8, 0x65, 0x70, 0x07, 0x00, 0x00,
  0x08, 0x77, 0xA9, 0x88, 0x57, 0x56, 0x45, 0x95, 0x65, 0x23, 0x23, 0x33, 0x33, 0x76, 0x89, 0xB0,
  0x00, 0x00, 0x00, 0x00, 0x00, 0x00, 0x00, 0x67, 0xBE, 0xA7, 0x56, 0x60, 0x00, 0x00, 0x00, 0x00,
  0x00, 0x00, 0x00, 0x00, 0x65, 0x43, 0x35, 0x52, 0x24, 0x22, 0x23, 0x33, 0x76, 0x59, 0x98, 0x00,
  0x00, 0x00, 0x00, 0x00, 0x00, 0x00, 0x00, 0x34, 0x9D, 0x87, 0x00, 0x00, 0x00, 0x00, 0x00, 0x00,
  0x00, 0x00, 0x00, 0x00, 0x06, 0x54, 0x32, 0x22, 0x33, 0x22, 0x74, 0x24, 0x33, 0x59, 0x40, 0x00,
  0x00, 0x00, 0x00, 0x00, 0x00, 0x08, 0x00, 0x74, 0xAC, 0x69, 0x0A, 0xBA, 0xA9, 0x70, 0x00, 0x00,
  0x00, 0x00, 0x00, 0x00, 0x03, 0x22, 0x43, 0x40, 0x33, 0x21, 0x54, 0x33, 0x34, 0x47, 0x00, 0x00,
  0x00, 0x00, 0x00, 0x00, 0x00, 0x88, 0x78, 0x67, 0xA8, 0x57, 0x00, 0x00, 0x00, 0x00, 0x00, 0x00,
  0x00, 0x00, 0x00, 0x00, 0x64, 0x44, 0x43, 0x00, 0x44, 0x23, 0x78, 0x22, 0x55, 0x50, 0x00, 0x00,
  0x00, 0x00, 0x00, 0x00, 0x00, 0x00, 0x79, 0x78, 0xC6, 0x67, 0x00, 0x00, 0x00, 0x00, 0x00, 0x00,
  0x00, 0x00, 0x66, 0x57, 0x68, 0x58, 0x66, 0x36, 0x55, 0x27, 0x9A, 0x34, 0x54, 0x00, 0x00, 0x00,
  0x00, 0x00, 0x00, 0x00, 0x00, 0x00, 0x00, 0x86, 0xB8, 0x88, 0x00, 0x00, 0x00, 0x00, 0x00, 0x00,
  0x00, 0x00, 0x00, 0x77, 0x64, 0x54, 0x67, 0x75, 0x54, 0x33, 0x6A, 0x73, 0x23, 0x47, 0x90, 0x00,
  0x00, 0x00, 0x00, 0x00, 0x00, 0x00, 0x00, 0x05, 0xC9, 0x78, 0x00, 0x00, 0x00, 0x00, 0x00, 0x00,
  0x00, 0x00, 0x00, 0x00, 0x00, 0x06, 0x66, 0x45, 0x44, 0x54, 0x33, 0x54, 0x46, 0x00, 0x00, 0x00,
  0x00, 0x00, 0x00, 0x00, 0x00, 0x00, 0x00, 0x55, 0xE9, 0x80, 0x00, 0x00, 0x00, 0x00, 0x00, 0x00,
  0x00, 0x00, 0x00, 0x00, 0x00, 0x00, 0x53, 0x54, 0x34, 0x68, 0x99, 0xAB, 0x66, 0x00, 0x70, 0x00,
  0x00, 0x00, 0x00, 0x00, 0x00, 0x00, 0x00, 0x57, 0xB9, 0x78, 0x00, 0x00, 0x00, 0x00, 0x00, 0x00,
  0x00, 0x00, 0x00, 0x00, 0x00, 0x53, 0x34, 0x33, 0x43, 0x43, 0x5B, 0x9C, 0x66, 0x70, 0x00, 0x00,
  0x00, 0x00, 0x00, 0x00, 0x00, 0x00, 0x07, 0x7B, 0xC6, 0x78, 0x00, 0x00, 0x00, 0x00, 0x00, 0x00,
  0x00, 0x00, 0x00, 0x85, 0x67, 0x96, 0x9E, 0xCC, 0x64, 0x22, 0x68, 0x8B, 0x34, 0x30, 0x07, 0x00,
  0x00, 0x00, 0x00, 0x00, 0x00, 0x00, 0x07, 0x6C, 0xC7, 0x57, 0x00, 0x00, 0x00, 0x00, 0x00, 0x00,
  0x00, 0x08, 0x00, 0x00, 0x05, 0x64, 0x57, 0x65, 0x45, 0x33, 0x45, 0x7D, 0xE4, 0x67, 0x78, 0x08,
  0x00, 0x00, 0x00, 0x00, 0x00, 0x00, 0x06, 0xA7, 0xA5, 0x68, 0x70, 0x00, 0x00, 0x00, 0x00, 0x00,
  0x00, 0x00, 0x00, 0x00, 0x06, 0x55, 0x32, 0x23, 0x56, 0x67, 0x43, 0x79, 0xE9, 0x46, 0x97, 0x70,
  0x00, 0x00, 0x00, 0x00, 0x00, 0x00, 0x9D, 0xC9, 0xD4, 0x86, 0x60, 0x00, 0x00, 0x00, 0x00, 0x00,
  0x00, 0x00, 0x00, 0x00, 0x00, 0x00, 0x05, 0x07, 0x54, 0x35, 0x95, 0x68, 0xED, 0x34, 0x86, 0x80,
  0x05, 0x77, 0x00, 0x06, 0x57, 0x8B, 0xAE, 0xAB, 0xD9, 0x7A, 0x97, 0x00, 0x00, 0x00, 0x00, 0x00,
  0x00, 0x00, 0x00, 0x00, 0x00, 0x00, 0x00, 0x00, 0x44, 0x43, 0x53, 0x55, 0x9D, 0xA4, 0x36, 0xE6,
  0xCC, 0x87, 0xAB, 0x87, 0xAA, 0xCE, 0xAF, 0x68, 0xC9, 0xEC, 0xA6, 0x00, 0x00, 0x00, 0x00, 0x00,
  0x00, 0x00, 0x00, 0x00, 0x00, 0x00, 0x00, 0x00, 0x04, 0x35, 0x47, 0x64, 0x59, 0xDC, 0x33, 0xC8,
  0x4E, 0xBB, 0xDE, 0xBE, 0xF8, 0xFF, 0x7E, 0x44, 0xCC, 0xBC, 0x95, 0x78, 0x00, 0x00, 0x00, 0x00,
  0x00, 0x00, 0x00, 0x00, 0x00, 0x00, 0x00, 0x00, 0x04, 0x34, 0x66, 0x97, 0x53, 0x88, 0xB4, 0x42,
  0x2B, 0x75, 0xDE, 0xCB, 0xF7, 0x9C, 0x28, 0x6C, 0xEE, 0xDB, 0x98, 0x77, 0x00, 0x08, 0x00, 0x00,
  0x00, 0x00, 0x00, 0x00, 0x00, 0x00, 0x00, 0x00, 0x05, 0x67, 0x87, 0x74, 0x7A, 0x58, 0xCD, 0x86,
  0x33, 0x24, 0x55, 0x57, 0x97, 0x24, 0x46, 0xCF, 0xFF, 0xFD, 0xEC, 0xCD, 0xBB, 0x89, 0x00, 0x00,
  0x00, 0x00, 0x00, 0x00, 0x00, 0x00, 0x00, 0x00, 0x00, 0x53, 0x27, 0x75, 0x5C, 0x85, 0x9C, 0xEE,
  0xB9, 0x42, 0x23, 0x62, 0x56, 0x9A, 0xFF, 0xFF, 0xFF, 0xB8, 0x34, 0x55, 0x57, 0x00, 0x00, 0x00,
  0x00, 0x00, 0x00, 0x00, 0x00, 0x00, 0x00, 0x00, 0x00, 0x42, 0x32, 0x44, 0x7A, 0xB9, 0x88, 0xEC,
  0xEE, 0xEC, 0xA9, 0xAA, 0xAC, 0xDF, 0xFF, 0xFF, 0xFF, 0xEA, 0x75, 0x58, 0x70, 0x00, 0x00, 0x00,
  0x00, 0x00, 0x00, 0x00, 0x00, 0x00, 0x00, 0x00, 0x66, 0x65, 0x43, 0x47, 0x5A, 0xAB, 0xCE, 0xFD,
  0xDE, 0xFF, 0xEE, 0xED, 0xDD, 0xFF, 0xFF, 0xFF, 0xFD, 0xFF, 0xCB, 0xAB, 0xA8, 0x99, 0x80, 0x00,
  0x00, 0x00, 0x00, 0x00, 0x00, 0x00, 0x00, 0x00, 0x00, 0x06, 0x66, 0x33, 0x45, 0xA9, 0xDE, 0xDB,
  0xEE, 0xEF, 0xFF, 0xEE, 0xEF, 0xFF, 0xFE, 0xEE, 0xEB, 0xFC, 0xD8, 0x87, 0x70, 0x00, 0x00, 0x00,
  0x00, 0x00, 0x00, 0x00, 0x00, 0x00, 0x00, 0x00, 0x00, 0x06, 0x60, 0x78, 0x68, 0x8A, 0xCC, 0xDF,
  0xDE, 0xEF, 0xFF, 0xFE, 0xDD, 0xEF, 0xFE, 0xEF, 0xFF, 0xFE, 0xA8, 0x00, 0x00, 0x00, 0x00, 0x00,
  0x00, 0x00, 0x00, 0x00, 0x00, 0x00, 0x00, 0x00, 0x00, 0x06, 0x07, 0x45, 0x55, 0x45, 0x54, 0x79,
  0xDC, 0xAE, 0xDE, 0xFF, 0xEF, 0xFC, 0xEF, 0xEE, 0xFE, 0xAA, 0x00, 0x00, 0x00, 0x00, 0x00, 0x00,
  0x00, 0x00, 0x00, 0x00, 0x00, 0x00, 0x00, 0x00, 0x00, 0x00, 0x00, 0x00, 0x08, 0x70, 0x07, 0x88,
  0x8B, 0xC9, 0xAA, 0xDD, 0xCB, 0xDF, 0xFF, 0xD8, 0x79, 0x00, 0x00, 0x00, 0x00, 0x00, 0x00, 0x00,
  0x00, 0x00, 0x00, 0x00, 0x00, 0x00, 0x00, 0x00, 0x00, 0x00, 0x00, 0x00, 0x00, 0x00, 0x00, 0x00,
  0x06, 0x8A, 0xB8, 0x9B, 0xEE, 0xED, 0xDC, 0xB9, 0xA0, 0x00, 0x00, 0x00, 0x00, 0x00, 0x00, 0x00,
  0x00, 0x00, 0x00, 0x00, 0x00, 0x00, 0x00, 0x00, 0x00, 0x00, 0x00, 0x00, 0x00, 0x00, 0x00, 0x00,
  0x00, 0x00, 0x00, 0x00, 0x9A, 0x87, 0x00, 0x00, 0x00, 0x00, 0x00, 0x00, 0x00, 0x00, 0x00, 0x00,
  0x00, 0x00, 0x00, 0x00, 0x00, 0x00, 0x00, 0x00, 0x00, 0x00, 0x00, 0x00, 0x00, 0x00, 0x00, 0x00,
  0x00, 0x00, 0x00, 0x00, 0x00, 0x00, 0x00, 0x00, 0x00, 0x00, 0x00, 0x00, 0x00, 0x00, 0x00, 0x00,
  0x00, 0x00, 0x00, 0x00, 0x00, 0x00, 0x00, 0x00, 0x00, 0x00, 0x00, 0x00, 0x00, 0x00, 0x00, 0x00,
  0x00, 0x00, 0x00, 0x00, 0x00, 0x00, 0x00, 0x00, 0x00, 0x00, 0x00, 0x00, 0x00, 0x00, 0x00, 0x00,
  0x00, 0x00, 0x00, 0x00, 0x00, 0x00, 0x00, 0x00, 0x00, 0x00, 0x00, 0x00, 0x00, 0x00, 0x00, 0x00,
  0x00, 0x00, 0x00, 0x00, 0x00, 0x00, 0x00, 0x00, 0x00, 0x00, 0x00, 0x00, 0x00, 0x00, 0x00, 0x00,
  0x00, 0x00, 0x00, 0x00, 0x00, 0x00, 0x00, 0x00, 0x00, 0x00, 0x00, 0x00, 0x00, 0x00, 0x00, 0x00,
  0x00, 0x00, 0x00, 0x00, 0x00, 0x00, 0x00, 0x00, 0x00, 0x00, 0x00, 0x00, 0x00, 0x00, 0x00, 0x00,
  0x00, 0x00, 0x00, 0x00, 0x00, 0x00, 0x00, 0x00, 0x00, 0x00, 0x00, 0x00, 0x00, 0x00, 0x00, 0x00,
  0x00, 0x00, 0x00, 0x00, 0x00, 0x00, 0x00, 0x00, 0x00, 0x00, 0x00, 0x00, 0x00, 0x00, 0x00, 0x00,
};
static const uint8_t BOOT_SKULL_4_DATA[] PROGMEM = {
  0x00, 0x00, 0x00, 0x00, 0x00, 0x00, 0x00, 0x00, 0x00, 0x00, 0x00, 0x00, 0x00, 0x00, 0x00, 0x00,
  0x00, 0x00, 0x00, 0x00, 0x00, 0x00, 0x00, 0x00, 0x00, 0x00, 0x00, 0x00, 0x00, 0x00, 0x00, 0x00,
  0x00, 0x00, 0x00, 0x00, 0x00, 0x00, 0x00, 0x00, 0x00, 0x00, 0x00, 0x00, 0x00, 0x00, 0x00, 0x00,
  0x00, 0x00, 0x00, 0x00, 0x00, 0x00, 0x00, 0x00, 0x00, 0x00, 0x00, 0x00, 0x00, 0x00, 0x00, 0x00,
  0x00, 0x00, 0x00, 0x00, 0x00, 0x00, 0x00, 0x00, 0x00, 0x00, 0x00, 0x00, 0x60, 0x00, 0x70, 0x00,
  0x00, 0x00, 0x00, 0x00, 0x00, 0x00, 0x00, 0x00, 0x00, 0x00, 0x00, 0x00, 0x00, 0x00, 0x00, 0x00,
  0x00, 0x00, 0x00, 0x00, 0x00, 0x00, 0x00, 0x00, 0x00, 0x66, 0x54, 0x66, 0x67, 0x77, 0x67, 0x87,
  0x78, 0x80, 0x07, 0x70, 0x00, 0x00, 0x00, 0x00, 0x00, 0x00, 0x00, 0x00, 0x00, 0x00, 0x00, 0x00,
  0x00, 0x00, 0x00, 0x00, 0x00, 0x00, 0x00, 0x00, 0x00, 0x74, 0xA6, 0x75, 0x66, 0x88, 0x8A, 0x9A,
  0xB9, 0x44, 0x65, 0x57, 0x60, 0x00, 0x00, 0x00, 0x00, 0x00, 0x00, 0x00, 0x00, 0x00, 0x00, 0x00,
  0x00, 0x00, 0x00, 0x00, 0x00, 0x00, 0x00, 0x00, 0x57, 0x53, 0x35, 0x67, 0x77, 0x78, 0x9D, 0xAB,
  0xBC, 0xDD, 0x89, 0x65, 0x77, 0x50, 0x00, 0x00, 0x00, 0x00, 0x00, 0x00, 0x00, 0x00, 0x00, 0x00,
  0x00, 0x00, 0x00, 0x00, 0x00, 0x00, 0x00, 0x08, 0x87, 0x46, 0x68, 0xCC, 0xB9, 0xBC, 0xEF, 0xED,
  0xDE, 0xDE, 0xEE, 0xDB, 0x97, 0x60, 0x00, 0x00, 0x00, 0x00, 0x00, 0x00, 0x00, 0x00, 0x00, 0x00,
  0x00, 0x00, 0x00, 0x00, 0x00, 0x00, 0x00, 0x05, 0x55, 0x55, 0x57, 0x9A, 0xCE, 0xEE, 0xDC, 0xED,
  0xC7, 0x97, 0x66, 0x67, 0x57, 0x64, 0x60, 0x00, 0x00, 0x00, 0x00, 0x00, 0x00, 0x00, 0x00, 0x00,
  0x00, 0x00, 0x00, 0x00, 0x00, 0x00, 0x04, 0x43, 0x24, 0x45, 0x36, 0x9B, 0xAA, 0xCD, 0xCA, 0xDA,
  0x95, 0x44, 0x24, 0x43, 0x73, 0x44, 0x34, 0x45, 0x00, 0x00, 0x00, 0x00, 0x00, 0x00, 0x00, 0x00,
  0x00, 0x00, 0x00, 0x00, 0x07, 0x05, 0x66, 0xC9, 0x73, 0x78, 0xBD, 0xA9, 0xA9, 0x98, 0xCE, 0xFE,
  0xEC, 0xBB, 0x89, 0x89, 0xA4, 0x33, 0x35, 0x36, 0x75, 0x50, 0x00, 0x00, 0x00, 0x00, 0x00, 0x00,
  0x00, 0x00, 0x00, 0x00, 0x06, 0x00, 0x33, 0x33, 0x46, 0xBA, 0x78, 0x64, 0x8A, 0x9B, 0xDE, 0xED,
  0xCE, 0xFE, 0xEE, 0xDE, 0xEC, 0x85, 0x6B, 0xA5, 0x66, 0x55, 0x00, 0x00, 0x00, 0x00, 0x00, 0x00,
  0x00, 0x00, 0x00, 0x00, 0x00, 0x00, 0x04, 0x43, 0x66, 0xA9, 0xB4, 0x79, 0xDE, 0xFD, 0xEC, 0xDB,
  0xCE, 0xEF, 0xAB, 0x97, 0x6A, 0x78, 0x96, 0x56, 0x55, 0x00, 0x00, 0x00, 0x00, 0x00, 0x00, 0x00,
  0x00, 0x00, 0x00, 0x00, 0x06, 0x00, 0x03, 0x56, 0x78, 0xDE, 0x99, 0x98, 0xAC, 0xAB, 0xCD, 0xDC,
  0xCE, 0xD9, 0x82, 0x23, 0x32, 0xCA, 0x86, 0x43, 0x45, 0x00, 0x00, 0x00, 0x00, 0x00, 0x00, 0x00,
  0x00, 0x00, 0x00, 0x08, 0x87, 0x87, 0x89, 0x88, 0xCB, 0x74, 0x24, 0x63, 0x33, 0x3A, 0xAB, 0x73,
  0x67, 0xAC, 0x24, 0x43, 0x44, 0x8D, 0x58, 0x22, 0x35, 0x65, 0x50, 0x00, 0x00, 0x00, 0x00, 0x00,
  0x00, 0x00, 0x00, 0x00, 0x04, 0x66, 0x23, 0x46, 0x35, 0x24, 0x22, 0x32, 0x13, 0x48, 0xB4, 0x12,
  0x32, 0x4B, 0xC3, 0x35, 0x53, 0x58, 0x96, 0x98, 0x27, 0x56, 0x06, 0x76, 0x66, 0x00, 0x00, 0x00,
  0x00, 0x00, 0x00, 0x06, 0x54, 0x57, 0x54, 0x75, 0x22, 0x43, 0x32, 0x32, 0x24, 0x6A, 0x93, 0x23,
  0x44, 0x23, 0xBD, 0x35, 0x77, 0x43, 0x4A, 0xCA, 0xA8, 0x55, 0x56, 0x55, 0x00, 0x00, 0x00, 0x00,
  0x00, 0x00, 0x00, 0x64, 0x55, 0x64, 0x36, 0x43, 0x22, 0x32, 0x12, 0x22, 0x44, 0x47, 0xC4, 0x34,
  0x35, 0x22, 0x2D, 0x84, 0x66, 0x44, 0x46, 0x88, 0x63, 0x34, 0x00, 0x00, 0x00, 0x00, 0x00, 0x00,
  0x00, 0x00, 0x00, 0x05, 0x45, 0x33, 0x64, 0x22, 0x22, 0x11, 0x22, 0x22, 0x45, 0x57, 0xB2, 0x25,
  0x93, 0x31, 0x26, 0xDA, 0x76, 0xDB, 0xBD, 0xED, 0x85, 0x23, 0x30, 0x00, 0x00, 0x00, 0x00, 0x00,
  0x00, 0x06, 0x67, 0x66, 0x55, 0x44, 0x64, 0x22, 0x22, 0x32, 0x23, 0x45, 0x8A, 0x9A, 0xD4, 0x13,
  0x67, 0x65, 0x14, 0xCE, 0xFE, 0xED, 0xEE, 0xDB, 0x9B, 0x99, 0x75, 0x78, 0x78, 0x70, 0x00, 0x00,
  0x00, 0x00, 0x00, 0x00, 0x76, 0x34, 0x33, 0x56, 0x96, 0x96, 0x78, 0x8B, 0x9D, 0xCB, 0xD8, 0x12,
  0x14, 0x86, 0x67, 0x8E, 0xFE, 0xCA, 0xB7, 0x44, 0x37, 0x33, 0x55, 0x56, 0x64, 0x00, 0x00, 0x00,
  0x00, 0x00, 0x00, 0x00, 0x56, 0x23, 0x56, 0x22, 0x23, 0x72, 0x22, 0x23, 0x65, 0xAD, 0xDC, 0x32,
  0x11, 0x38, 0x88, 0xBF, 0xFF, 0xFE, 0xE3, 0x47, 0x56, 0x33, 0x45, 0x60, 0x00, 0x00, 0x00, 0x00,
  0x00, 0x00, 0x70, 0x00, 0x57, 0x65, 0x68, 0x62, 0x34, 0x33, 0x55, 0x66, 0x58, 0xAB, 0xDD, 0x66,
  0x57, 0xCD, 0xBB, 0xDD, 0xED, 0xDB, 0xB8, 0x54, 0x66, 0x55, 0x54, 0x45, 0x54, 0x00, 0x50, 0x40,
  0x00, 0x00, 0x00, 0x00, 0x66, 0x46, 0xCA, 0x68, 0x84, 0x66, 0xBB, 0xEE, 0xEE, 0xEF, 0xEE, 0xFF,
  0xFF, 0xFF, 0xFE, 0xFF, 0xCC, 0xCC, 0xDA, 0x96, 0xA9, 0xC9, 0x65, 0x87, 0x87, 0x45, 0x00, 0x00,
  0x00, 0x00, 0x00, 0x00, 0x66, 0x98, 0xBC, 0x6B, 0x67, 0x8E, 0xEE, 0xED, 0xDA, 0xBC, 0xEE, 0xFF,
  0xFE, 0xED, 0xDC, 0xD9, 0xBF, 0xFD, 0xAE, 0xCA, 0xCF, 0xEB, 0xA7, 0x77, 0x65, 0x65, 0x00, 0x00,
  0x00, 0x00, 0x05, 0x67, 0x56, 0x98, 0xCA, 0xA9, 0x79, 0xBF, 0xDE, 0xEB, 0x9B, 0xBE, 0xCD, 0xDE,
  0x85, 0x47, 0x64, 0x7A, 0xA6, 0x96, 0x9B, 0x94, 0x55, 0x35, 0x44, 0x45, 0x55, 0x45, 0x00, 0x50,
  0x00, 0x00, 0x00, 0x68, 0x85, 0x54, 0x56, 0xBD, 0xDD, 0xAD, 0xC9, 0xA8, 0x74, 0xCE, 0xBD, 0x85,
  0x9B, 0x5F, 0xFA, 0xCF, 0xFA, 0x56, 0x53, 0x22, 0x55, 0x78, 0x86, 0x65, 0x40, 0x00, 0x00, 0x00,
  0x00, 0x00, 0x76, 0x78, 0x65, 0x55, 0x57, 0x9D, 0xAC, 0xDA, 0x98, 0x4B, 0x77, 0xEC, 0x94, 0x37,
  0xFF, 0xAF, 0xFC, 0xDF, 0xFC, 0xBD, 0x83, 0x43, 0x45, 0x65, 0x46, 0x66, 0x00, 0x00, 0x00, 0x00,
  0x00, 0x00, 0x07, 0x00, 0x56, 0x4D, 0x9B, 0xB8, 0xCF, 0x98, 0x33, 0x84, 0xBC, 0xCA, 0x6B, 0xDB,
  0xEF, 0xBE, 0xFD, 0x5C, 0xFB, 0xDF, 0xA5, 0x7A, 0x73, 0x32, 0x35, 0x40, 0x00, 0x00, 0x00, 0x00,
  0x00, 0x00, 0x00, 0x00, 0x44, 0x9A, 0x77, 0x89, 0x64, 0x44, 0x75, 0x7C, 0xA6, 0x75, 0xAE, 0xDB,
  0xCF, 0xD9, 0xC0, 0x06, 0x86, 0xAD, 0x99, 0x57, 0x5A, 0x85, 0x44, 0x45, 0x50, 0x00, 0x00, 0x00,
  0x00, 0x00, 0x00, 0x00, 0x43, 0x55, 0x34, 0x38, 0x86, 0x33, 0x35, 0x69, 0x54, 0x7E, 0xBE, 0xFE,
  0x9E, 0xC0, 0x00, 0x00, 0x00, 0x02, 0xAA, 0x41, 0x25, 0x34, 0x44, 0x55, 0x00, 0x00, 0x00, 0x00,
  0x00, 0x00, 0x00, 0x00, 0x43, 0x45, 0x33, 0x42, 0x23, 0x21, 0x22, 0x62, 0x39, 0xCB, 0x9E, 0xED,
  0x90, 0x00, 0x00, 0x00, 0x00, 0x08, 0x4C, 0x65, 0xBB, 0xC7, 0x55, 0x50, 0x00, 0x00, 0x00, 0x00,
  0x00, 0x00, 0x00, 0x05, 0x74, 0x44, 0x33, 0x43, 0x34, 0x22, 0x32, 0x34, 0x69, 0x9B, 0x89, 0x80,
  0x00, 0x00, 0x00, 0x00, 0x00, 0x05, 0x78, 0x44, 0x76, 0x57, 0x67, 0x76, 0x55, 0x00, 0x00, 0x00,
  0x00, 0x00, 0x05, 0x49, 0x66, 0x45, 0x86, 0x42, 0x55, 0x32, 0x23, 0x46, 0xB9, 0xEB, 0xB0, 0x00,
  0x00, 0x00, 0x00, 0x00, 0x00, 0x06, 0x67, 0x43, 0x44, 0x56, 0x46, 0x00, 0x00, 0x00, 0x00, 0x00,
  0x00, 0x07, 0x00, 0x67, 0x66, 0x75, 0x76, 0x47, 0x47, 0x52, 0x33, 0x27, 0x7A, 0x9A, 0x80, 0x00,
  0x00, 0x00, 0x00, 0x00, 0x00, 0x78, 0x77, 0x58, 0x86, 0x47, 0x60, 0x00, 0x00, 0x00, 0x00, 0x00,
  0x00, 0x75, 0x76, 0x65, 0x66, 0x43, 0x33, 0x42, 0x23, 0x43, 0x43, 0x69, 0xC8, 0x70, 0x00, 0x00,
  0x00, 0x00, 0x00, 0x00, 0x07, 0x78, 0x44, 0x42, 0x57, 0x00, 0x00, 0x00, 0x00, 0x00, 0x00, 0x00,
  0x00, 0x00, 0x00, 0x00, 0x05, 0x00, 0x03, 0x22, 0x34, 0x43, 0x45, 0x99, 0x80, 0x00, 0x00, 0x00,
  0x00, 0x00, 0x00, 0x00, 0x00, 0x00, 0x58, 0x44, 0xA6, 0x70, 0x00, 0x00, 0x00, 0x00, 0x00, 0x00,
  0x00, 0x00, 0x00, 0x00, 0x50, 0x00, 0x03, 0x32, 0x45, 0xC6, 0x54, 0x33, 0x00, 0x00, 0x00, 0x00,
  0x00, 0x00, 0x00, 0x00, 0x07, 0x94, 0x58, 0xA3, 0x75, 0x65, 0x00, 0x00, 0x00, 0x00, 0x00, 0x00,
  0x00, 0x00, 0x00, 0x00, 0x00, 0x00, 0x00, 0x56, 0x45, 0xA7, 0x87, 0x48, 0x00, 0x00, 0x00, 0x00,
  0x00, 0x00, 0x00, 0x00, 0x06, 0x78, 0x5A, 0xCB, 0x64, 0x00, 0x00, 0x00, 0x00, 0x00, 0x00, 0x00,
  0x00, 0x00, 0x00, 0x60, 0x00, 0x00, 0x00, 0x04, 0x34, 0x7A, 0xA5, 0x65, 0x00, 0x00, 0x00, 0x00,
  0x00, 0x00, 0x00, 0x00, 0x08, 0x66, 0x89, 0xC7, 0x40, 0x00, 0x00, 0x00, 0x00, 0x00, 0x00, 0x00,
  0x00, 0x00, 0x76, 0x70, 0x00, 0x00, 0x00, 0x65, 0x35, 0x7A, 0x86, 0x75, 0x00, 0x00, 0x00, 0x00,
  0x00, 0x00, 0x00, 0x00, 0x00, 0x86, 0x59, 0x34, 0x76, 0x65, 0x70, 0x00, 0x05, 0x00, 0x00, 0x00,
  0x00, 0x00, 0x00, 0x00, 0x08, 0x75, 0x78, 0x9A, 0xCB, 0xBB, 0xB7, 0x56, 0x00, 0x70, 0x00, 0x00,
  0x00, 0x00, 0x00, 0x00, 0x00, 0x56, 0x84, 0x30, 0x00, 0x00, 0x00, 0x00, 0x00, 0x00, 0x00, 0x00,
  0x00, 0x00, 0x00, 0x00, 0x00, 0x69, 0x43, 0x47, 0x66, 0xCE, 0xDA, 0x66, 0x60, 0x00, 0x00, 0x00,
  0x00, 0x00, 0x00, 0x00, 0x09, 0xA4, 0x4A, 0x46, 0x00, 0x00, 0x00, 0x00, 0x00, 0x00, 0x00, 0x00,
  0x00, 0x00, 0x00, 0x00, 0x08, 0x05, 0x05, 0x63, 0x54, 0x65, 0xED, 0xD6, 0x68, 0x00, 0x00, 0x00,
  0x00, 0x00, 0x00, 0x06, 0x74, 0x63, 0x89, 0x56, 0x00, 0x00, 0x00, 0x00, 0x00, 0x00, 0x00, 0x00,
  0x00, 0x00, 0x00, 0x00, 0x00, 0x06, 0x45, 0x52, 0x24, 0x43, 0x4C, 0xEA, 0x34, 0x00, 0x00, 0x00,
  0x00, 0x00, 0x00, 0x09, 0x95, 0x34, 0x47, 0x56, 0x77, 0x07, 0x00, 0x00, 0x00, 0x00, 0x00, 0x00,
  0x00, 0x00, 0x00, 0x00, 0x00, 0x06, 0x54, 0x45, 0x64, 0x34, 0x43, 0xCC, 0x54, 0x27, 0x00, 0x00,
  0x00, 0x00, 0x00, 0x00, 0x06, 0x65, 0x88, 0x50, 0x00, 0x70, 0x00, 0x00, 0x00, 0x00, 0x00, 0x00,
  0x00, 0x00, 0x00, 0x00, 0x00, 0x07, 0x9A, 0xAD, 0x98, 0x85, 0x42, 0x28, 0xC9, 0x37, 0x78, 0x00,
  0x00, 0x00, 0x05, 0x89, 0x8A, 0xA9, 0xBD, 0x85, 0x56, 0x70, 0x00, 0x00, 0x00, 0x00, 0x00, 0x00,
  0x00, 0x00, 0x00, 0x00, 0x00, 0x00, 0x07, 0x42, 0x24, 0x32, 0x44, 0x25, 0x69, 0x3A, 0x6E, 0x66,
  0x45, 0x69, 0x67, 0xDF, 0xBB, 0xC6, 0xB8, 0x64, 0x45, 0x30, 0x00, 0x00, 0x00, 0x00, 0x00, 0x00,
  0x00, 0x00, 0x00, 0x00, 0x00, 0x00, 0x00, 0x03, 0x43, 0x43, 0x56, 0x56, 0x44, 0x34, 0x5C, 0x94,
  0xCE, 0xDB, 0xAF, 0xCD, 0xCB, 0xDA, 0x83, 0x64, 0xC9, 0x56, 0x00, 0x00, 0x00, 0x00, 0x00, 0x00,
  0x00, 0x00, 0x00, 0x00, 0x00, 0x00, 0x00, 0x05, 0x34, 0x42, 0x56, 0xCA, 0x88, 0x74, 0x37, 0x42,
  0x98, 0x78, 0x59, 0x8E, 0xFC, 0xA7, 0x55, 0x79, 0xBA, 0x8A, 0x66, 0x00, 0x00, 0x00, 0x00, 0x00,
  0x00, 0x00, 0x00, 0x00, 0x00, 0x00, 0x00, 0x04, 0x43, 0x44, 0x44, 0x46, 0xBD, 0x79, 0x95, 0x75,
  0x22, 0x5C, 0x8B, 0xDD, 0xB5, 0x58, 0xAC, 0xFD, 0x77, 0x75, 0x97, 0x86, 0x50, 0x50, 0x00, 0x00,
  0x00, 0x00, 0x00, 0x00, 0x00, 0x00, 0x00, 0x00, 0x04, 0x05, 0x33, 0x35, 0x6B, 0xCB, 0x99, 0x76,
  0x75, 0x9C, 0xDD, 0xC8, 0x6B, 0xAF, 0xEE, 0xEE, 0x87, 0x89, 0x67, 0x98, 0x00, 0x00, 0x00, 0x00,
  0x00, 0x00, 0x00, 0x00, 0x00, 0x00, 0x00, 0x00, 0x00, 0x04, 0x58, 0x53, 0x48, 0xAA, 0xA7, 0xBD,
  0xA3, 0x32, 0x33, 0x23, 0x47, 0xEE, 0xDB, 0xDE, 0xC6, 0x55, 0x66, 0x00, 0x00, 0x00, 0x00, 0x00,
  0x00, 0x00, 0x00, 0x00, 0x00, 0x00, 0x00, 0x00, 0x05, 0x57, 0x68, 0x96, 0x42, 0x6A, 0xBC, 0xAB,
  0x7A, 0x77, 0x53, 0x54, 0x76, 0xAB, 0xC8, 0x89, 0xD9, 0x58, 0x00, 0x00, 0x00, 0x00, 0x00, 0x00,
  0x00, 0x00, 0x00, 0x00, 0x00, 0x00, 0x00, 0x00, 0x76, 0x75, 0x34, 0x57, 0x34, 0x23, 0x4B, 0xEC,
  0xCB, 0xAB, 0x99, 0x9A, 0xDC, 0xCB, 0xC9, 0x87, 0x45, 0x54, 0x00, 0x00, 0x00, 0x00, 0x00, 0x00,
  0x00, 0x00, 0x00, 0x00, 0x00, 0x00, 0x00, 0x00, 0x06, 0x64, 0x44, 0x33, 0x73, 0x37, 0x84, 0x75,
  0x7C, 0xCB, 0xEF, 0xDE, 0xFF, 0xDF, 0xED, 0xBC, 0x85, 0x56, 0x00, 0x00, 0x00, 0x00, 0x00, 0x00,
  0x00, 0x00, 0x00, 0x00, 0x00, 0x00, 0x00, 0x00, 0x00, 0x07, 0x66, 0x66, 0x49, 0x78, 0x68, 0x8C,
  0xAA, 0xCE, 0xFF, 0xEE, 0xFC, 0xBC, 0xEC, 0xDE, 0xB9, 0x00, 0x00, 0x00, 0x00, 0x00, 0x00, 0x00,
  0x00, 0x00, 0x00, 0x00, 0x00, 0x00, 0x00, 0x00, 0x00, 0x00, 0x00, 0x06, 0x23, 0x47, 0x99, 0x89,
  0x89, 0xAE, 0xEE, 0xFF, 0xFD, 0x99, 0xBA, 0xA8, 0x80, 0x00, 0x00, 0x00, 0x00, 0x00, 0x00, 0x00,
  0x00, 0x00, 0x00, 0x00, 0x00, 0x00, 0x00, 0x00, 0x00, 0x00, 0x00, 0x00, 0x66, 0x35, 0x69, 0x73,
  0x56, 0x64, 0x7A, 0xA8, 0x76, 0x55, 0x60, 0x00, 0x00, 0x00, 0x00, 0x00, 0x00, 0x00, 0x00, 0x00,
  0x00, 0x00, 0x00, 0x00, 0x00, 0x00, 0x00, 0x00, 0x00, 0x00, 0x00, 0x00, 0x00, 0x00, 0x67, 0x6A,
  0xBC, 0xDD, 0xBA, 0x96, 0x79, 0x80, 0x00, 0x00, 0x00, 0x00, 0x00, 0x00, 0x00, 0x00, 0x00, 0x00,
  0x00, 0x00, 0x00, 0x00, 0x00, 0x00, 0x00, 0x00, 0x00, 0x00, 0x00, 0x00, 0x00, 0x00, 0x00, 0x03,
  0x66, 0x67, 0x79, 0x60, 0x00, 0x00, 0x00, 0x00, 0x00, 0x00, 0x00, 0x00, 0x00, 0x00, 0x00, 0x00,
  0x00, 0x00, 0x00, 0x00, 0x00, 0x00, 0x00, 0x00, 0x00, 0x00, 0x00, 0x00, 0x00, 0x00, 0x00, 0x00,
  0x00, 0x00, 0x70, 0x00, 0x00, 0x00, 0x00, 0x00, 0x00, 0x00, 0x00, 0x00, 0x00, 0x00, 0x00, 0x00,
  0x00, 0x00, 0x00, 0x00, 0x00, 0x00, 0x00, 0x00, 0x00, 0x00, 0x00, 0x00, 0x00, 0x00, 0x00, 0x00,
  0x00, 0x00, 0x00, 0x00, 0x00, 0x00, 0x00, 0x00, 0x00, 0x00, 0x00, 0x00, 0x00, 0x00, 0x00, 0x00,
  0x00, 0x00, 0x00, 0x00, 0x00, 0x00, 0x00, 0x00, 0x00, 0x00, 0x00, 0x00, 0x00, 0x00, 0x00, 0x00,
  0x00, 0x00, 0x00, 0x00, 0x00, 0x00, 0x00, 0x00, 0x00, 0x00, 0x00, 0x00, 0x00, 0x00, 0x00, 0x00,
  0x00, 0x00, 0x00, 0x00, 0x00, 0x00, 0x00, 0x00, 0x00, 0x00, 0x00, 0x00, 0x00, 0x00, 0x00, 0x00,
  0x00, 0x00, 0x00, 0x00, 0x00, 0x00, 0x00, 0x00, 0x00, 0x00, 0x00, 0x00, 0x00, 0x00, 0x00, 0x00,
};
static const uint8_t BOOT_SKULL_5_DATA[] PROGMEM = {
  0x00, 0x00, 0x00, 0x00, 0x00, 0x00, 0x00, 0x00, 0x00, 0x00, 0x00, 0x00, 0x00, 0x00, 0x00, 0x00,
  0x00, 0x00, 0x00, 0x00, 0x00, 0x00, 0x00, 0x00, 0x00, 0x00, 0x00, 0x00, 0x00, 0x00, 0x00, 0x00,
  0x00, 0x00, 0x00, 0x00, 0x00, 0x00, 0x00, 0x00, 0x00, 0x00, 0x00, 0x00, 0x00, 0x00, 0x44, 0x00,
  0x00, 0x00, 0x00, 0x00, 0x00, 0x00, 0x00, 0x00, 0x00, 0x00, 0x00, 0x00, 0x00, 0x00, 0x00, 0x00,
  0x00, 0x00, 0x00, 0x00, 0x00, 0x00, 0x00, 0x00, 0x00, 0x00, 0x00, 0x33, 0x03, 0x44, 0x33, 0x33,
  0x40, 0x33, 0x40, 0x00, 0x00, 0x00, 0x00, 0x00, 0x00, 0x00, 0x00, 0x00, 0x00, 0x00, 0x00, 0x00,
  0x00, 0x00, 0x00, 0x00, 0x00, 0x00, 0x00, 0x00, 0x00, 0x33, 0x33, 0x33, 0x33, 0x33, 0x23, 0x23,
  0x32, 0x22, 0x34, 0x34, 0x40, 0x00, 0x00, 0x00, 0x00, 0x00, 0x00, 0x00, 0x00, 0x00, 0x00, 0x00,
  0x00, 0x00, 0x00, 0x00, 0x00, 0x00, 0x00, 0x00, 0x43, 0x43, 0x32, 0x34, 0x34, 0x22, 0x22, 0x34,
  0x22, 0x22, 0x22, 0x22, 0x33, 0x33, 0x00, 0x00, 0x00, 0x00, 0x00, 0x00, 0x00, 0x00, 0x00, 0x00,
  0x00, 0x00, 0x00, 0x00, 0x00, 0x00, 0x04, 0x43, 0x33, 0x33, 0x32, 0x32, 0x33, 0x35, 0x33, 0x23,
  0x32, 0x22, 0x33, 0x22, 0x36, 0x53, 0x33, 0x03, 0x00, 0x00, 0x00, 0x00, 0x00, 0x00, 0x00, 0x00,
  0x00, 0x00, 0x00, 0x00, 0x30, 0x00, 0x33, 0x33, 0x33, 0x43, 0x35, 0x56, 0x77, 0x74, 0x57, 0x75,
  0x23, 0x34, 0x23, 0x22, 0x45, 0x33, 0x33, 0x30, 0x00, 0x00, 0x00, 0x00, 0x00, 0x00, 0x00, 0x00,
  0x00, 0x00, 0x00, 0x00, 0x00, 0x03, 0x23, 0x23, 0x23, 0x44, 0x54, 0x64, 0x43, 0x33, 0x45, 0x65,
  0x66, 0x87, 0x45, 0x44, 0x43, 0x43, 0x23, 0x33, 0x00, 0x00, 0x00, 0x00, 0x00, 0x00, 0x00, 0x00,
  0x00, 0x00, 0x00, 0x00, 0x33, 0x32, 0x33, 0x23, 0x32, 0x24, 0x35, 0x43, 0x23, 0x43, 0x23, 0x55,
  0x47, 0x73, 0x78, 0x77, 0x33, 0x22, 0x22, 0x33, 0x32, 0x00, 0x00, 0x00, 0x00, 0x00, 0x00, 0x00,
  0x00, 0x00, 0x00, 0x00, 0x03, 0x34, 0x44, 0x23, 0x42, 0x22, 0x56, 0x75, 0x67, 0x76, 0x33, 0x35,
  0x4A, 0x45, 0x54, 0x57, 0x43, 0x25, 0x34, 0x23, 0x30, 0x00, 0x00, 0x00, 0x00, 0x00, 0x00, 0x00,
  0x00, 0x00, 0x00, 0x00, 0x03, 0x33, 0x43, 0x22, 0x22, 0x12, 0x43, 0x23, 0x23, 0x32, 0x46, 0x88,
  0x65, 0x64, 0x32, 0x42, 0x56, 0x65, 0x63, 0x45, 0x33, 0x33, 0x00, 0x00, 0x00, 0x00, 0x00, 0x00,
  0x00, 0x00, 0x00, 0x00, 0x03, 0x34, 0x32, 0x21, 0x21, 0x22, 0x22, 0x22, 0x44, 0x53, 0x48, 0x77,
  0x74, 0x44, 0x45, 0x63, 0x44, 0x33, 0x23, 0x22, 0x22, 0x33, 0x20, 0x00, 0x00, 0x00, 0x00, 0x00,
  0x00, 0x00, 0x00, 0x00, 0x00, 0x33, 0x32, 0x21, 0x23, 0x66, 0x76, 0x77, 0x66, 0x64, 0x64, 0x27,
  0x85, 0x45, 0x34, 0x25, 0x72, 0x22, 0x33, 0x22, 0x22, 0x22, 0x30, 0x00, 0x00, 0x00, 0x00, 0x00,
  0x00, 0x00, 0x00, 0x00, 0x03, 0x33, 0x32, 0x22, 0x34, 0x43, 0x33, 0x43, 0x64, 0x42, 0x22, 0x32,
  0x24, 0x34, 0x42, 0x34, 0x52, 0x13, 0x54, 0x22, 0x32, 0x22, 0x20, 0x00, 0x00, 0x00, 0x00, 0x00,
  0x00, 0x00, 0x00, 0x00, 0x43, 0x33, 0x23, 0x34, 0x22, 0x22, 0x21, 0x23, 0x43, 0x53, 0x24, 0x22,
  0x32, 0x63, 0x54, 0x56, 0x45, 0x23, 0x22, 0x22, 0x23, 0x22, 0x33, 0x32, 0x00, 0x20, 0x00, 0x00,
  0x00, 0x00, 0x00, 0x00, 0x00, 0x32, 0x24, 0x23, 0x23, 0x23, 0x24, 0x23, 0x22, 0x45, 0x55, 0x22,
  0x25, 0x26, 0x65, 0x33, 0x34, 0x33, 0x22, 0x44, 0x22, 0x22, 0x22, 0x33, 0x22, 0x30, 0x00, 0x00,
  0x00, 0x00, 0x00, 0x00, 0x00, 0x33, 0x22, 0x45, 0x56, 0x46, 0x65, 0x54, 0x35, 0x56, 0x44, 0x24,
  0x33, 0x46, 0x75, 0x24, 0x22, 0x22, 0x22, 0x25, 0x22, 0x22, 0x22, 0x32, 0x33, 0x20, 0x00, 0x00,
  0x00, 0x00, 0x00, 0x00, 0x00, 0x33, 0x22, 0x32, 0x22, 0x33, 0x42, 0x58, 0x34, 0x25, 0x22, 0x23,
  0x32, 0x23, 0x27, 0x21, 0x22, 0x22, 0x33, 0x23, 0x21, 0x12, 0x22, 0x22, 0x22, 0x22, 0x00, 0x00,
  0x00, 0x00, 0x00, 0x00, 0x00, 0x32, 0x22, 0x22, 0x22, 0x22, 0x24, 0x64, 0x54, 0x52, 0x53, 0x35,
  0x43, 0x24, 0x33, 0x25, 0x36, 0x44, 0x77, 0x88, 0x78, 0x76, 0x23, 0x22, 0x23, 0x32, 0x00, 0x00,
  0x00, 0x00, 0x00, 0x00, 0x00, 0x32, 0x22, 0x12, 0x23, 0x12, 0x65, 0x76, 0xA8, 0x34, 0x33, 0x34,
  0x33, 0x52, 0x33, 0x43, 0x32, 0x23, 0x24, 0x23, 0x31, 0x22, 0x22, 0x22, 0x22, 0x22, 0x20, 0x00,
  0x00, 0x00, 0x00, 0x00, 0x00, 0x43, 0x22, 0x11, 0x21, 0x21, 0x23, 0x44, 0x44, 0x35, 0x34, 0x21,
  0x15, 0x32, 0x32, 0x22, 0x22, 0x22, 0x22, 0x52, 0x22, 0x23, 0x21, 0x22, 0x22, 0x23, 0x22, 0x00,
  0x00, 0x00, 0x00, 0x04, 0x34, 0x34, 0x32, 0x44, 0x24, 0x23, 0x35, 0x43, 0x53, 0x34, 0x33, 0x34,
  0x43, 0x23, 0x25, 0x23, 0x24, 0x21, 0x23, 0x42, 0x23, 0x23, 0x22, 0x33, 0x22, 0x23, 0x22, 0x00,
  0x00, 0x00, 0x00, 0x00, 0x44, 0x35, 0x35, 0x25, 0x56, 0x76, 0x75, 0x54, 0x63, 0x43, 0x43, 0x33,
  0x34, 0x25, 0x58, 0x79, 0xB9, 0x68, 0x87, 0x44, 0x44, 0x32, 0x34, 0x22, 0x32, 0x22, 0x22, 0x00,
  0x00, 0x00, 0x00, 0x44, 0x43, 0x34, 0x64, 0x23, 0x53, 0x43, 0x35, 0x43, 0x36, 0x63, 0x36, 0x46,
  0x64, 0x43, 0x43, 0x34, 0x43, 0x24, 0x45, 0x55, 0x45, 0x66, 0x42, 0x32, 0x22, 0x32, 0x20, 0x00,
  0x00, 0x00, 0x44, 0x44, 0x34, 0x53, 0x45, 0x44, 0x21, 0x23, 0x34, 0x22, 0x22, 0x25, 0x45, 0x58,
  0x44, 0x33, 0x32, 0x42, 0x41, 0x11, 0x25, 0x35, 0x36, 0x54, 0x22, 0x34, 0x43, 0x22, 0x20, 0x00,
  0x00, 0x00, 0x00, 0x00, 0x44, 0x33, 0x43, 0x44, 0x23, 0x12, 0x53, 0x42, 0x22, 0x34, 0x52, 0x34,
  0x74, 0x22, 0x23, 0x23, 0x32, 0x22, 0x53, 0x54, 0x47, 0x23, 0x22, 0x23, 0x22, 0x22, 0x20, 0x00,
  0x00, 0x00, 0x00, 0x00, 0x00, 0x43, 0x34, 0x35, 0x24, 0x42, 0x42, 0x43, 0x44, 0x36, 0x34, 0x35,
  0x85, 0x42, 0x46, 0x23, 0x44, 0x33, 0x55, 0x43, 0x36, 0x32, 0x33, 0x42, 0x22, 0x22, 0x00, 0x00,
  0x00, 0x00, 0x00, 0x00, 0x43, 0x33, 0x34, 0x34, 0x35, 0x32, 0x32, 0x21, 0x12, 0x45, 0x52, 0x46,
  0x39, 0x76, 0x22, 0x32, 0x23, 0x23, 0x44, 0x42, 0x24, 0x43, 0x22, 0x12, 0x12, 0x32, 0x00, 0x00,
  0x00, 0x00, 0x00, 0x00, 0x44, 0x34, 0x33, 0x23, 0x34, 0x33, 0x37, 0x25, 0x53, 0x47, 0x42, 0x44,
  0x36, 0x55, 0x42, 0x22, 0x12, 0x32, 0x24, 0x35, 0x42, 0x33, 0x31, 0x12, 0x12, 0x23, 0x30, 0x00,
  0x00, 0x00, 0x00, 0x00, 0x33, 0x22, 0x22, 0x33, 0x34, 0x33, 0x52, 0x54, 0x55, 0x57, 0x55, 0x36,
  0x96, 0x23, 0x23, 0x23, 0x22, 0x32, 0x32, 0x23, 0x13, 0x33, 0x21, 0x22, 0x22, 0x22, 0x30, 0x00,
  0x00, 0x00, 0x00, 0x00, 0x43, 0x35, 0x33, 0x44, 0x45, 0x42, 0x33, 0x34, 0x33, 0x44, 0x75, 0x32,
  0x43, 0x22, 0x43, 0x34, 0x45, 0x21, 0x32, 0x53, 0x69, 0x54, 0x45, 0x22, 0x22, 0x22, 0x30, 0x00,
  0x00, 0x00, 0x00, 0x00, 0x04, 0x33, 0x23, 0x43, 0x23, 0x23, 0x13, 0x42, 0x31, 0x35, 0x45, 0x43,
  0x32, 0x23, 0x33, 0x44, 0x55, 0x42, 0x38, 0x67, 0x34, 0x43, 0x32, 0x22, 0x23, 0x22, 0x30, 0x00,
  0x00, 0x00, 0x00, 0x00, 0x44, 0x43, 0x24, 0x32, 0x21, 0x22, 0x33, 0x24, 0x74, 0x33, 0x26, 0x23,
  0x22, 0x33, 0x34, 0x42, 0x43, 0x32, 0x33, 0x33, 0x24, 0x22, 0x23, 0x22, 0x22, 0x23, 0x30, 0x00,
  0x00, 0x00, 0x00, 0x04, 0x45, 0x56, 0x55, 0x33, 0x43, 0x33, 0x34, 0x23, 0x44, 0x63, 0x22, 0x22,
  0x33, 0x25, 0x52, 0x24, 0x32, 0x23, 0x32, 0x22, 0x12, 0x22, 0x33, 0x32, 0x34, 0x22, 0x30, 0x00,
  0x00, 0x00, 0x00, 0x04, 0x33, 0x33, 0x23, 0x34, 0x43, 0x33, 0x42, 0x32, 0x24, 0x66, 0x84, 0x42,
  0x45, 0x32, 0x33, 0x31, 0x53, 0x32, 0x33, 0x22, 0x23, 0x33, 0x22, 0x22, 0x22, 0x33, 0x30, 0x00,
  0x00, 0x00, 0x00, 0x00, 0x00, 0x44, 0x32, 0x22, 0x32, 0x33, 0x22, 0x33, 0x32, 0x33, 0x43, 0x33,
  0x33, 0x23, 0x52, 0x12, 0x33, 0x42, 0x51, 0x34, 0x23, 0x32, 0x22, 0x22, 0x23, 0x23, 0x30, 0x00,
  0x00, 0x00, 0x00, 0x00, 0x00, 0x32, 0x33, 0x33, 0x23, 0x22, 0x23, 0x23, 0x12, 0x42, 0x25, 0x41,
  0x13, 0x22, 0x24, 0x57, 0x35, 0x54, 0x54, 0x23, 0x22, 0x22, 0x22, 0x12, 0x23, 0x33, 0x00, 0x00,
  0x00, 0x00, 0x00, 0x00, 0x00, 0x44, 0x33, 0x34, 0x22, 0x22, 0x33, 0x43, 0x65, 0x33, 0x44, 0x41,
  0x12, 0x12, 0x33, 0x24, 0x42, 0x23, 0x53, 0x13, 0x23, 0x33, 0x33, 0x22, 0x33, 0x33, 0x00, 0x00,
  0x00, 0x00, 0x00, 0x00, 0x00, 0x00, 0x33, 0x52, 0x33, 0x22, 0x13, 0x32, 0x32, 0x33, 0x34, 0x43,
  0x22, 0x14, 0x72, 0x33, 0x75, 0x74, 0x67, 0x43, 0x22, 0x22, 0x23, 0x22, 0x33, 0x30, 0x00, 0x00,
  0x00, 0x00, 0x00, 0x00, 0x00, 0x03, 0x32, 0x33, 0x22, 0x32, 0x23, 0x35, 0x43, 0x32, 0x34, 0x12,
  0x42, 0x24, 0x45, 0x35, 0x65, 0x43, 0x28, 0x75, 0x53, 0x23, 0x32, 0x23, 0x23, 0x30, 0x00, 0x00,
  0x00, 0x00, 0x00, 0x00, 0x00, 0x33, 0x33, 0x33, 0x32, 0x25, 0x25, 0x33, 0x43, 0x34, 0x41, 0x13,
  0x28, 0x82, 0x22, 0x32, 0x23, 0x14, 0x46, 0x44, 0x53, 0x22, 0x12, 0x22, 0x32, 0x30, 0x00, 0x00,
  0x00, 0x00, 0x00, 0x00, 0x04, 0x34, 0x33, 0x34, 0x45, 0x45, 0x33, 0x43, 0x13, 0x12, 0x14, 0x24,
  0x35, 0x32, 0x45, 0x23, 0x45, 0x44, 0x33, 0x22, 0x35, 0x22, 0x22, 0x22, 0x22, 0x30, 0x00, 0x00,
  0x00, 0x00, 0x00, 0x00, 0x00, 0x33, 0x33, 0x22, 0x45, 0x33, 0x33, 0x43, 0x23, 0x22, 0x22, 0x52,
  0x32, 0x32, 0x23, 0x53, 0x34, 0x33, 0x22, 0x28, 0x89, 0x32, 0x32, 0x32, 0x22, 0x20, 0x00, 0x00,
  0x00, 0x00, 0x00, 0x00, 0x00, 0x00, 0x03, 0x22, 0x42, 0x13, 0x23, 0x13, 0x12, 0x21, 0x22, 0x12,
  0x21, 0x33, 0x32, 0x22, 0x34, 0x52, 0x24, 0x22, 0x22, 0x32, 0x11, 0x32, 0x23, 0x00, 0x00, 0x00,
  0x00, 0x00, 0x00, 0x00, 0x00, 0x00, 0x04, 0x32, 0x33, 0x22, 0x32, 0x12, 0x32, 0x23, 0x21, 0x12,
  0x22, 0x23, 0x44, 0x32, 0x33, 0x12, 0x22, 0x22, 0x22, 0x32, 0x32, 0x22, 0x23, 0x00, 0x00, 0x00,
  0x00, 0x00, 0x00, 0x00, 0x00, 0x00, 0x00, 0x33, 0x21, 0x35, 0x53, 0x44, 0x33, 0x44, 0x32, 0x44,
  0x13, 0x21, 0x12, 0x31, 0x13, 0x22, 0x11, 0x32, 0x22, 0x33, 0x34, 0x22, 0x33, 0x00, 0x00, 0x00,
  0x00, 0x00, 0x00, 0x00, 0x00, 0x00, 0x00, 0x43, 0x22, 0x28, 0x23, 0x36, 0x54, 0x26, 0x33, 0x33,
  0x24, 0x47, 0x84, 0x33, 0x23, 0x23, 0x24, 0x12, 0x22, 0x33, 0x93, 0x22, 0x33, 0x00, 0x00, 0x00,
  0x00, 0x00, 0x00, 0x00, 0x00, 0x00, 0x03, 0x33, 0x22, 0x12, 0x32, 0x13, 0x65, 0x23, 0x25, 0x44,
  0x32, 0x46, 0x62, 0x12, 0x31, 0x23, 0x23, 0x32, 0x22, 0x23, 0x22, 0x33, 0x23, 0x00, 0x00, 0x00,
  0x00, 0x00, 0x00, 0x00, 0x00, 0x00, 0x33, 0x43, 0x23, 0x22, 0x22, 0x13, 0x23, 0x35, 0x22, 0x13,
  0x44, 0x34, 0x22, 0x26, 0x76, 0x86, 0x56, 0x22, 0x32, 0x22, 0x23, 0x32, 0x32, 0x00, 0x00, 0x00,
  0x00, 0x00, 0x00, 0x00, 0x00, 0x00, 0x04, 0x34, 0x32, 0x22, 0x42, 0x11, 0x22, 0x33, 0x23, 0x21,
  0x13, 0x32, 0x13, 0x34, 0x35, 0x33, 0x42, 0x35, 0x43, 0x22, 0x22, 0x23, 0x20, 0x00, 0x00, 0x00,
  0x00, 0x00, 0x00, 0x00, 0x00, 0x00, 0x00, 0x03, 0x43, 0x22, 0x21, 0x11, 0x21, 0x21, 0x12, 0x12,
  0x46, 0x43, 0x33, 0x23, 0x22, 0x14, 0x25, 0x42, 0x32, 0x31, 0x42, 0x22, 0x00, 0x00, 0x00, 0x00,
  0x00, 0x00, 0x00, 0x00, 0x00, 0x00, 0x00, 0x00, 0x32, 0x12, 0x22, 0x21, 0x22, 0x22, 0x23, 0x42,
  0x32, 0x33, 0x34, 0x42, 0x22, 0x24, 0x36, 0x32, 0x12, 0x23, 0x23, 0x22, 0x00, 0x00, 0x00, 0x00,
  0x00, 0x00, 0x00, 0x00, 0x00, 0x00, 0x00, 0x00, 0x03, 0x22, 0x22, 0x22, 0x11, 0x22, 0x32, 0x44,
  0x69, 0x42, 0x44, 0x34, 0x56, 0x33, 0x12, 0x12, 0x22, 0x22, 0x22, 0x22, 0x00, 0x00, 0x00, 0x00,
  0x00, 0x00, 0x00, 0x00, 0x00, 0x00, 0x00, 0x00, 0x00, 0x22, 0x23, 0x43, 0x42, 0x32, 0x23, 0x22,
  0x22, 0x45, 0x44, 0x33, 0x22, 0x22, 0x24, 0x22, 0x22, 0x41, 0x34, 0x20, 0x00, 0x00, 0x00, 0x00,
  0x00, 0x00, 0x00, 0x00, 0x00, 0x00, 0x00, 0x00, 0x00, 0x02, 0x22, 0x12, 0x23, 0x42, 0x23, 0x23,
  0x22, 0x32, 0x22, 0x23, 0x12, 0x24, 0x23, 0x21, 0x22, 0x22, 0x12, 0x20, 0x00, 0x00, 0x00, 0x00,
  0x00, 0x00, 0x00, 0x00, 0x00, 0x00, 0x00, 0x00, 0x00, 0x00, 0x22, 0x22, 0x22, 0x11, 0x33, 0x23,
  0x22, 0x23, 0x23, 0x22, 0x23, 0x13, 0x32, 0x22, 0x22, 0x22, 0x32, 0x20, 0x00, 0x00, 0x00, 0x00,
  0x00, 0x00, 0x00, 0x00, 0x00, 0x00, 0x00, 0x00, 0x00, 0x00, 0x03, 0x32, 0x23, 0x22, 0x32, 0x22,
  0x22, 0x23, 0x22, 0x23, 0x23, 0x12, 0x22, 0x22, 0x22, 0x22, 0x20, 0x00, 0x00, 0x00, 0x00, 0x00,
  0x00, 0x00, 0x00, 0x00, 0x00, 0x00, 0x00, 0x00, 0x00, 0x00, 0x00, 0x02, 0x22, 0x22, 0x23, 0x22,
  0x22, 0x53, 0x32, 0x33, 0x33, 0x22, 0x22, 0x23, 0x20, 0x00, 0x00, 0x00, 0x00, 0x00, 0x00, 0x00,
  0x00, 0x00, 0x00, 0x00, 0x00, 0x00, 0x00, 0x00, 0x00, 0x00, 0x00, 0x00, 0x02, 0x32, 0x34, 0x42,
  0x22, 0x22, 0x12, 0x22, 0x21, 0x12, 0x22, 0x22, 0x00, 0x00, 0x00, 0x00, 0x00, 0x00, 0x00, 0x00,
  0x00, 0x00, 0x00, 0x00, 0x00, 0x00, 0x00, 0x00, 0x00, 0x00, 0x00, 0x00, 0x00, 0x00, 0x00, 0x20,
  0x00, 0x22, 0x22, 0x22, 0x22, 0x22, 0x22, 0x22, 0x00, 0x00, 0x00, 0x00, 0x00, 0x00, 0x00, 0x00,
  0x00, 0x00, 0x00, 0x00, 0x00, 0x00, 0x00, 0x00, 0x00, 0x00, 0x00, 0x00, 0x00, 0x00, 0x00, 0x00,
  0x00, 0x00, 0x22, 0x22, 0x22, 0x22, 0x22, 0x00, 0x00, 0x00, 0x00, 0x00, 0x00, 0x00, 0x00, 0x00,
  0x00, 0x00, 0x00, 0x00, 0x00, 0x00, 0x00, 0x00, 0x00, 0x00, 0x00, 0x00, 0x00, 0x00, 0x00, 0x00,
  0x00, 0x00, 0x00, 0x00, 0x02, 0x20, 0x00, 0x00, 0x00, 0x00, 0x00, 0x00, 0x00, 0x00, 0x00, 0x00,
  0x00, 0x00, 0x00, 0x00, 0x00, 0x00, 0x00, 0x00, 0x00, 0x00, 0x00, 0x00, 0x00, 0x00, 0x00, 0x00,
  0x00, 0x00, 0x00, 0x00, 0x00, 0x00, 0x00, 0x00, 0x00, 0x00, 0x00, 0x00, 0x00, 0x00, 0x00, 0x00,
  0x00, 0x00, 0x00, 0x00, 0x00, 0x00, 0x00, 0x00, 0x00, 0x00, 0x00, 0x00, 0x00, 0x00, 0x00, 0x00,
  0x00, 0x00, 0x00, 0x00, 0x00, 0x00, 0x00, 0x00, 0x00, 0x00, 0x00, 0x00, 0x00, 0x00, 0x00, 0x00,
};
static const uint8_t BOOT_SKULL_6_DATA[] PROGMEM = {
  0x00, 0x00, 0x00, 0x00, 0x00, 0x00, 0x00, 0x00, 0x00, 0x00, 0x00, 0x00, 0x00, 0x00, 0x00, 0x00,
  0x00, 0x00, 0x00, 0x00, 0x00, 0x00, 0x00, 0x00, 0x00, 0x00, 0x00, 0x00, 0x00, 0x00, 0x00, 0x00,
  0x00, 0x00, 0x00, 0x00, 0x00, 0x00, 0x00, 0x00, 0x00, 0x00, 0x00, 0x00, 0x00, 0x00, 0x00, 0x00,
  0x00, 0x00, 0x00, 0x00, 0x00, 0x00, 0x00, 0x00, 0x00, 0x00, 0x00, 0x00, 0x00, 0x00, 0x00, 0x00,
  0x00, 0x00, 0x00, 0x00, 0x00, 0x00, 0x00, 0x00, 0x00, 0x00, 0x00, 0x00, 0x00, 0x00, 0x00, 0x00,
  0x00, 0x00, 0x00, 0x00, 0x00, 0x00, 0x00, 0x00, 0x00, 0x00, 0x00, 0x00, 0x00, 0x00, 0x00, 0x00,
  0x00, 0x00, 0x00, 0x00, 0x00, 0x00, 0x00, 0x00, 0x00, 0x00, 0x00, 0x00, 0x00, 0x00, 0x00, 0x00,
  0x00, 0x00, 0x00, 0x00, 0x00, 0x00, 0x00, 0x00, 0x00, 0x00, 0x00, 0x00, 0x00, 0x00, 0x00, 0x00,
  0x00, 0x00, 0x00, 0x00, 0x00, 0x00, 0x00, 0x00, 0x00, 0x00, 0x00, 0x00, 0x00, 0x00, 0x00, 0x00,
  0x00, 0x00, 0x00, 0x00, 0x00, 0x00, 0x00, 0x00, 0x00, 0x00, 0x00, 0x00, 0x00, 0x00, 0x00, 0x00,
  0x00, 0x00, 0x00, 0x00, 0x00, 0x00, 0x00, 0x00, 0x00, 0x00, 0x00, 0x00, 0x00, 0x00, 0x00, 0x00,
  0x00, 0x00, 0x00, 0x00, 0x00, 0x00, 0x00, 0x00, 0x00, 0x00, 0x00, 0x00, 0x00, 0x00, 0x00, 0x00,
  0x00, 0x00, 0x00, 0x00, 0x00, 0x00, 0x00, 0x00, 0x00, 0x00, 0x00, 0x00, 0x00, 0x00, 0x00, 0x00,
  0x00, 0x00, 0x00, 0x00, 0x00, 0x00, 0x00, 0x00, 0x00, 0x00, 0x00, 0x00, 0x00, 0x00, 0x00, 0x00,
  0x00, 0x00, 0x00, 0x00, 0x00, 0x00, 0x00, 0x00, 0x00, 0x00, 0x00, 0x00, 0x00, 0x00, 0x00, 0x00,
  0x00, 0x00, 0x00, 0x00, 0x00, 0x00, 0x00, 0x00, 0x00, 0x00, 0x00, 0x00, 0x00, 0x00, 0x00, 0x00,
  0x00, 0x00, 0x00, 0x00, 0x00, 0x00, 0x00, 0x00, 0x00, 0x00, 0x00, 0x00, 0x00, 0x00, 0x00, 0x00,
  0x00, 0x00, 0x00, 0x00, 0x00, 0x00, 0x00, 0x00, 0x00, 0x00, 0x00, 0x00, 0x00, 0x00, 0x00, 0x00,
  0x00, 0x00, 0x00, 0x00, 0x00, 0x00, 0x00, 0x00, 0x00, 0x00, 0x00, 0x00, 0x00, 0x00, 0x00, 0x00,
  0x00, 0x00, 0x50, 0x00, 0x00, 0x00, 0x00, 0x00, 0x00, 0x00, 0x00, 0x00, 0x00, 0x00, 0x00, 0x00,
  0x00, 0x00, 0x00, 0x00, 0x00, 0x00, 0x00, 0x00, 0x00, 0x00, 0x00, 0x00, 0x04, 0x44, 0x45, 0x50,
  0x55, 0x54, 0x44, 0x40, 0x00, 0x00, 0x00, 0x00, 0x00, 0x00, 0x00, 0x00, 0x00, 0x00, 0x00, 0x00,
  0x00, 0x00, 0x00, 0x00, 0x00, 0x00, 0x00, 0x00, 0x00, 0x00, 0x00, 0x00, 0x04, 0x46, 0x63, 0x34,
  0x32, 0x45, 0x23, 0x34, 0x00, 0x00, 0x00, 0x00, 0x00, 0x00, 0x00, 0x00, 0x00, 0x00, 0x00, 0x00,
  0x00, 0x00, 0x00, 0x00, 0x00, 0x00, 0x00, 0x00, 0x00, 0x33, 0x33, 0x33, 0x23, 0x35, 0x95, 0x43,
  0x56, 0x86, 0x43, 0x35, 0x33, 0x00, 0x00, 0x00, 0x00, 0x00, 0x00, 0x00, 0x00, 0x00, 0x00, 0x00,
  0x00, 0x00, 0x00, 0x00, 0x00, 0x00, 0x03, 0x03, 0x34, 0x23, 0x22, 0x22, 0x43, 0x33, 0x64, 0x26,
  0x77, 0x41, 0x22, 0x32, 0x65, 0x44, 0x00, 0x00, 0x00, 0x00, 0x00, 0x00, 0x00, 0x00, 0x00, 0x00,
  0x00, 0x00, 0x00, 0x30, 0x03, 0x32, 0x32, 0x32, 0x23, 0x22, 0x22, 0x23, 0x24, 0x22, 0x34, 0x26,
  0x53, 0x31, 0x23, 0x22, 0x33, 0x33, 0x33, 0x30, 0x00, 0x00, 0x00, 0x00, 0x00, 0x00, 0x00, 0x00,
  0x00, 0x00, 0x00, 0x03, 0x32, 0x22, 0x22, 0x32, 0x22, 0x22, 0x22, 0x42, 0x42, 0x33, 0x54, 0x34,
  0x43, 0x22, 0x33, 0x23, 0x22, 0x23, 0x22, 0x33, 0x30, 0x00, 0x00, 0x00, 0x00, 0x00, 0x00, 0x00,
  0x00, 0x00, 0x00, 0x03, 0x33, 0x32, 0x22, 0x22, 0x21, 0x31, 0x52, 0x23, 0x33, 0x22, 0x54, 0x74,
  0x43, 0x53, 0x33, 0x77, 0x86, 0x33, 0x23, 0x33, 0x40, 0x00, 0x00, 0x00, 0x00, 0x00, 0x00, 0x00,
  0x00, 0x02, 0x22, 0x32, 0x12, 0x33, 0x45, 0x21, 0x38, 0x53, 0x23, 0x44, 0x34, 0x66, 0xAB, 0xA9,
  0x56, 0x53, 0x64, 0x46, 0x98, 0x83, 0x32, 0x32, 0x33, 0x00, 0x00, 0x00, 0x00, 0x00, 0x00, 0x00,
  0x00, 0x20, 0x32, 0x32, 0x23, 0x33, 0x22, 0x32, 0x32, 0x32, 0x22, 0x33, 0x66, 0x68, 0x65, 0x54,
  0x54, 0x35, 0x43, 0x43, 0x35, 0x65, 0x34, 0x33, 0x22, 0x33, 0x00, 0x00, 0x00, 0x00, 0x00, 0x00,
  0x00, 0x00, 0x02, 0x22, 0x33, 0x35, 0x52, 0x32, 0x32, 0x22, 0x34, 0x24, 0x57, 0x66, 0x45, 0x54,
  0x23, 0x43, 0x55, 0x66, 0x36, 0x9B, 0x86, 0x34, 0x53, 0x30, 0x00, 0x00, 0x00, 0x00, 0x00, 0x00,
  0x00, 0x00, 0x23, 0x45, 0x22, 0x75, 0x77, 0x34, 0x64, 0x42, 0x32, 0x43, 0x43, 0x46, 0x66, 0x47,
  0x51, 0x44, 0x42, 0x23, 0x23, 0x34, 0x44, 0x22, 0x22, 0x00, 0x00, 0x00, 0x00, 0x00, 0x00, 0x00,
  0x00, 0x00, 0x00, 0x02, 0x32, 0x33, 0x22, 0x24, 0x44, 0x25, 0x24, 0x34, 0x35, 0x45, 0x35, 0x32,
  0x23, 0x44, 0x42, 0x32, 0x23, 0x42, 0x33, 0x22, 0x23, 0x03, 0x00, 0x00, 0x00, 0x00, 0x00, 0x00,
  0x00, 0x00, 0x33, 0x33, 0x23, 0x23, 0x21, 0x12, 0x31, 0x24, 0x53, 0x35, 0x43, 0x34, 0x44, 0x43,
  0x35, 0x46, 0x45, 0x54, 0x74, 0x22, 0x22, 0x22, 0x22, 0x30, 0x00, 0x00, 0x00, 0x00, 0x00, 0x00,
  0x00, 0x00, 0x34, 0x32, 0x23, 0x22, 0x22, 0x11, 0x22, 0x45, 0x32, 0x35, 0x54, 0x44, 0x53, 0x42,
  0x24, 0x54, 0x53, 0x22, 0x21, 0x22, 0x22, 0x22, 0x22, 0x30, 0x33, 0x00, 0x00, 0x00, 0x00, 0x00,
  0x00, 0x03, 0x33, 0x33, 0x23, 0x21, 0x32, 0x12, 0x23, 0x43, 0x12, 0x44, 0x22, 0x32, 0x22, 0x32,
  0x53, 0x44, 0x23, 0x32, 0x32, 0x22, 0x22, 0x22, 0x33, 0x33, 0x30, 0x00, 0x00, 0x00, 0x00, 0x00,
  0x00, 0x02, 0x22, 0x32, 0x22, 0x12, 0x22, 0x31, 0x34, 0x53, 0x73, 0x23, 0x54, 0x32, 0x43, 0x54,
  0x53, 0x43, 0x33, 0x42, 0x22, 0x22, 0x22, 0x12, 0x23, 0x32, 0x33, 0x30, 0x00, 0x00, 0x00, 0x00,
  0x00, 0x00, 0x22, 0x22, 0x22, 0x12, 0x44, 0x12, 0x34, 0x55, 0x42, 0x45, 0x24, 0x45, 0x55, 0x54,
  0x36, 0x44, 0x43, 0x12, 0x22, 0x32, 0x45, 0x52, 0x52, 0x33, 0x32, 0x30, 0x00, 0x00, 0x00, 0x00,
  0x00, 0x00, 0x02, 0x22, 0x21, 0x22, 0x23, 0x13, 0x24, 0x35, 0x37, 0x66, 0x58, 0x63, 0x54, 0x56,
  0x14, 0x54, 0x62, 0x22, 0x11, 0x12, 0x22, 0x22, 0x46, 0x42, 0x33, 0x33, 0x23, 0x33, 0x30, 0x00,
  0x00, 0x00, 0x22, 0x23, 0x22, 0x23, 0x12, 0x23, 0x54, 0x54, 0x66, 0x35, 0x66, 0x45, 0x24, 0x24,
  0x31, 0x33, 0x22, 0x22, 0x12, 0x22, 0x22, 0x32, 0x22, 0x15, 0x33, 0x30, 0x00, 0x00, 0x00, 0x00,
  0x00, 0x02, 0x23, 0x33, 0x22, 0x34, 0x22, 0x22, 0x24, 0x14, 0x66, 0x34, 0x43, 0x23, 0x21, 0x22,
  0x22, 0x23, 0x32, 0x32, 0x33, 0x23, 0x14, 0x42, 0x68, 0x52, 0x33, 0x33, 0x00, 0x00, 0x00, 0x00,
  0x00, 0x02, 0x22, 0x22, 0x22, 0x42, 0x22, 0x21, 0x22, 0x23, 0x24, 0x56, 0x31, 0x34, 0x22, 0x23,
  0x11, 0x32, 0x33, 0x21, 0x22, 0x22, 0x11, 0x34, 0x12, 0x22, 0x22, 0x22, 0x33, 0x30, 0x00, 0x00,
  0x00, 0x00, 0x02, 0x22, 0x21, 0x43, 0x22, 0x22, 0x12, 0x24, 0x85, 0x66, 0x21, 0x34, 0x22, 0x22,
  0x21, 0x35, 0x53, 0x21, 0x23, 0x22, 0x22, 0x22, 0x32, 0x32, 0x23, 0x33, 0x33, 0x33, 0x00, 0x00,
  0x00, 0x00, 0x22, 0x02, 0x22, 0x22, 0x23, 0x66, 0x45, 0x56, 0x47, 0x42, 0x23, 0x23, 0x32, 0x12,
  0x41, 0x13, 0x34, 0x13, 0x11, 0x22, 0x12, 0x12, 0x44, 0x33, 0x22, 0x22, 0x23, 0x33, 0x30, 0x00,
  0x00, 0x00, 0x20, 0x02, 0x22, 0x22, 0x23, 0x22, 0x31, 0x22, 0x33, 0x32, 0x43, 0x32, 0x12, 0x22,
  0x33, 0x31, 0x22, 0x23, 0x22, 0x13, 0x12, 0x22, 0x25, 0x41, 0x22, 0x22, 0x22, 0x33, 0x44, 0x00,
  0x00, 0x00, 0x00, 0x00, 0x22, 0x22, 0x22, 0x22, 0x22, 0x23, 0x24, 0x22, 0x24, 0x13, 0x12, 0x22,
  0x21, 0x22, 0x43, 0x34, 0x22, 0x58, 0x52, 0x33, 0x33, 0x12, 0x11, 0x24, 0x22, 0x23, 0x30, 0x00,
  0x00, 0x00, 0x00, 0x00, 0x32, 0x22, 0x22, 0x22, 0x21, 0x22, 0x43, 0x45, 0x25, 0x53, 0x43, 0x21,
  0x13, 0x67, 0x52, 0x32, 0x24, 0x43, 0x21, 0x12, 0x11, 0x21, 0x21, 0x22, 0x22, 0x22, 0x00, 0x00,
  0x00, 0x00, 0x00, 0x00, 0x00, 0x22, 0x22, 0x33, 0x22, 0x22, 0x12, 0x22, 0x33, 0x42, 0x44, 0x33,
  0x23, 0x74, 0x22, 0x32, 0x42, 0x32, 0x32, 0x12, 0x23, 0x21, 0x32, 0x22, 0x33, 0x30, 0x00, 0x00,
  0x00, 0x00, 0x00, 0x00, 0x02, 0x22, 0x22, 0x21, 0x22, 0x24, 0x13, 0x53, 0x32, 0x54, 0x33, 0x34,
  0x85, 0x45, 0x24, 0x44, 0x46, 0x54, 0x32, 0x21, 0x31, 0x32, 0x22, 0x22, 0x32, 0x30, 0x00, 0x00,
  0x00, 0x00, 0x00, 0x00, 0x02, 0x23, 0x22, 0x22, 0x12, 0x25, 0x25, 0x21, 0x12, 0x24, 0x33, 0x12,
  0x66, 0x32, 0x57, 0x55, 0x64, 0x69, 0x61, 0x13, 0x42, 0x23, 0x22, 0x22, 0x22, 0x20, 0x00, 0x00,
  0x00, 0x00, 0x00, 0x00, 0x02, 0x23, 0x22, 0x32, 0x42, 0x23, 0x64, 0x32, 0x22, 0x23, 0x11, 0x22,
  0x33, 0x22, 0x44, 0x44, 0x44, 0x33, 0x22, 0x23, 0x34, 0x32, 0x23, 0x42, 0x22, 0x33, 0x00, 0x00,
  0x00, 0x00, 0x00, 0x00, 0x02, 0x23, 0x22, 0x32, 0x23, 0x36, 0x45, 0x32, 0x12, 0x22, 0x11, 0x22,
  0x42, 0x23, 0x34, 0x33, 0x33, 0x32, 0x24, 0x23, 0x22, 0x22, 0x22, 0x55, 0x33, 0x22, 0x33, 0x00,
  0x00, 0x00, 0x00, 0x00, 0x22, 0x22, 0x22, 0x21, 0x23, 0x23, 0x64, 0x54, 0x31, 0x11, 0x31, 0x12,
  0x32, 0x35, 0x64, 0x42, 0x24, 0x22, 0x23, 0x22, 0x44, 0x23, 0x32, 0x12, 0x42, 0x22, 0x30, 0x00,
  0x00, 0x00, 0x00, 0x00, 0x23, 0x22, 0x22, 0x21, 0x11, 0x22, 0x21, 0x21, 0x21, 0x13, 0x42, 0x22,
  0x22, 0x33, 0x22, 0x52, 0x21, 0x23, 0x21, 0x24, 0x33, 0x34, 0x42, 0x22, 0x22, 0x30, 0x00, 0x00,
  0x00, 0x00, 0x00, 0x00, 0x03, 0x22, 0x22, 0x22, 0x21, 0x13, 0x12, 0x23, 0x22, 0x22, 0x36, 0x54,
  0x32, 0x33, 0x32, 0x33, 0x12, 0x21, 0x22, 0x11, 0x24, 0x23, 0x32, 0x52, 0x12, 0x30, 0x00, 0x00,
  0x00, 0x00, 0x00, 0x00, 0x00, 0x00, 0x22, 0x22, 0x22, 0x22, 0x43, 0x22, 0x33, 0x11, 0x22, 0x32,
  0x24, 0x24, 0x33, 0x22, 0x11, 0x22, 0x22, 0x33, 0x34, 0x55, 0x53, 0x55, 0x55, 0x33, 0x00, 0x00,
  0x00, 0x00, 0x00, 0x00, 0x00, 0x00, 0x00, 0x22, 0x23, 0x22, 0x51, 0x32, 0x22, 0x11, 0x12, 0x21,
  0x11, 0x11, 0x22, 0x31, 0x21, 0x22, 0x32, 0x22, 0x16, 0x46, 0x45, 0x98, 0x63, 0x20, 0x00, 0x00,
  0x00, 0x00, 0x00, 0x00, 0x00, 0x00, 0x00, 0x22, 0x22, 0x32, 0x23, 0x12, 0x11, 0x12, 0x22, 0x11,
  0x32, 0x23, 0x32, 0x25, 0x23, 0x23, 0x12, 0x23, 0x43, 0x43, 0x32, 0x32, 0x23, 0x30, 0x00, 0x00,
  0x00, 0x00, 0x00, 0x00, 0x00, 0x00, 0x00, 0x00, 0x23, 0x32, 0x12, 0x43, 0x21, 0x22, 0x22, 0x34,
  0x23, 0x22, 0x12, 0x21, 0x23, 0x42, 0x22, 0x22, 0x22, 0x32, 0x23, 0x22, 0x23, 0x30, 0x00, 0x00,
  0x00, 0x00, 0x00, 0x00, 0x00, 0x00, 0x00, 0x00, 0x22, 0x22, 0x12, 0x23, 0x21, 0x22, 0x32, 0x12,
  0x22, 0x32, 0x22, 0x12, 0x23, 0x22, 0x32, 0x21, 0x22, 0x22, 0x22, 0x22, 0x22, 0x00, 0x00, 0x00,
  0x00, 0x00, 0x00, 0x00, 0x00, 0x00, 0x20, 0x00, 0x00, 0x22, 0x22, 0x22, 0x21, 0x22, 0x12, 0x12,
  0x22, 0x24, 0x32, 0x22, 0x32, 0x32, 0x22, 0x33, 0x31, 0x22, 0x23, 0x22, 0x20, 0x00, 0x00, 0x00,
  0x00, 0x00, 0x00, 0x00, 0x00, 0x00, 0x00, 0x00, 0x00, 0x00, 0x22, 0x22, 0x22, 0x22, 0x22, 0x22,
  0x22, 0x22, 0x22, 0x23, 0x22, 0x22, 0x22, 0x22, 0x22, 0x22, 0x22, 0x00, 0x00, 0x00, 0x00, 0x00,
  0x00, 0x00, 0x00, 0x00, 0x00, 0x00, 0x00, 0x00, 0x00, 0x00, 0x00, 0x00, 0x20, 0x02, 0x22, 0x22,
  0x22, 0x22, 0x23, 0x22, 0x22, 0x22, 0x20, 0x00, 0x00, 0x00, 0x00, 0x00, 0x00, 0x00, 0x00, 0x00,
  0x00, 0x00, 0x00, 0x00, 0x00, 0x00, 0x00, 0x00, 0x00, 0x00, 0x00, 0x00, 0x00, 0x02, 0x22, 0x22,
  0x22, 0x22, 0x32, 0x22, 0x22, 0x20, 0x00, 0x00, 0x00, 0x00, 0x00, 0x00, 0x00, 0x00, 0x00, 0x00,
  0x00, 0x00, 0x00, 0x00, 0x00, 0x00, 0x00, 0x00, 0x00, 0x00, 0x00, 0x00, 0x00, 0x00, 0x00, 0x00,
  0x00, 0x00, 0x00, 0x00, 0x20, 0x00, 0x00, 0x00, 0x00, 0x00, 0x00, 0x00, 0x00, 0x00, 0x00, 0x00,
  0x00, 0x00, 0x00, 0x00, 0x00, 0x00, 0x00, 0x00, 0x00, 0x00, 0x00, 0x00, 0x00, 0x00, 0x00, 0x00,
  0x00, 0x00, 0x00, 0x00, 0x00, 0x00, 0x00, 0x00, 0x00, 0x00, 0x00, 0x00, 0x00, 0x00, 0x00, 0x00,
  0x00, 0x00, 0x00, 0x00, 0x00, 0x00, 0x00, 0x00, 0x00, 0x00, 0x00, 0x00, 0x00, 0x00, 0x00, 0x00,
  0x00, 0x00, 0x00, 0x00, 0x00, 0x00, 0x00, 0x00, 0x00, 0x00, 0x00, 0x00, 0x00, 0x00, 0x00, 0x00,
  0x00, 0x00, 0x00, 0x00, 0x00, 0x00, 0x00, 0x00, 0x00, 0x00, 0x00, 0x00, 0x00, 0x00, 0x00, 0x00,
  0x00, 0x00, 0x00, 0x00, 0x00, 0x00, 0x00, 0x00, 0x00, 0x00, 0x00, 0x00, 0x00, 0x00, 0x00, 0x00,
  0x00, 0x00, 0x00, 0x00, 0x00, 0x00, 0x00, 0x00, 0x00, 0x00, 0x00, 0x00, 0x00, 0x00, 0x00, 0x00,
  0x00, 0x00, 0x00, 0x00, 0x00, 0x00, 0x00, 0x00, 0x00, 0x00, 0x00, 0x00, 0x00, 0x00, 0x00, 0x00,
  0x00, 0x00, 0x00, 0x00, 0x00, 0x00, 0x00, 0x00, 0x00, 0x00, 0x00, 0x00, 0x00, 0x00, 0x00, 0x00,
  0x00, 0x00, 0x00, 0x00, 0x00, 0x00, 0x00, 0x00, 0x00, 0x00, 0x00, 0x00, 0x00, 0x00, 0x00, 0x00,
  0x00, 0x00, 0x00, 0x00, 0x00, 0x00, 0x00, 0x00, 0x00, 0x00, 0x00, 0x00, 0x00, 0x00, 0x00, 0x00,
  0x00, 0x00, 0x00, 0x00, 0x00, 0x00, 0x00, 0x00, 0x00, 0x00, 0x00, 0x00, 0x00, 0x00, 0x00, 0x00,
  0x00, 0x00, 0x00, 0x00, 0x00, 0x00, 0x00, 0x00, 0x00, 0x00, 0x00, 0x00, 0x00, 0x00, 0x00, 0x00,
  0x00, 0x00, 0x00, 0x00, 0x00, 0x00, 0x00, 0x00, 0x00, 0x00, 0x00, 0x00, 0x00, 0x00, 0x00, 0x00,
  0x00, 0x00, 0x00, 0x00, 0x00, 0x00, 0x00, 0x00, 0x00, 0x00, 0x00, 0x00, 0x00, 0x00, 0x00, 0x00,
  0x00, 0x00, 0x00, 0x00, 0x00, 0x00, 0x00, 0x00, 0x00, 0x00, 0x00, 0x00, 0x00, 0x00, 0x00, 0x00,
  0x00, 0x00, 0x00, 0x00, 0x00, 0x00, 0x00, 0x00, 0x00, 0x00, 0x00, 0x00, 0x00, 0x00, 0x00, 0x00,
  0x00, 0x00, 0x00, 0x00, 0x00, 0x00, 0x00, 0x00, 0x00, 0x00, 0x00, 0x00, 0x00, 0x00, 0x00, 0x00,
  0x00, 0x00, 0x00, 0x00, 0x00, 0x00, 0x00, 0x00, 0x00, 0x00, 0x00, 0x00, 0x00, 0x00, 0x00, 0x00,
  0x00, 0x00, 0x00, 0x00, 0x00, 0x00, 0x00, 0x00, 0x00, 0x00, 0x00, 0x00, 0x00, 0x00, 0x00, 0x00,
};
static const uint8_t BOOT_SKULL_7_DATA[] PROGMEM = {
  0x00, 0x00, 0x00, 0x00, 0x00, 0x00, 0x00, 0x00, 0x00, 0x00, 0x00, 0x00, 0x00, 0x00, 0x00, 0x00,
  0x00, 0x00, 0x00, 0x00, 0x00, 0x00, 0x00, 0x00, 0x00, 0x00, 0x00, 0x00, 0x00, 0x00, 0x00, 0x00,
  0x00, 0x00, 0x00, 0x00, 0x00, 0x00, 0x00, 0x00, 0x00, 0x00, 0x00, 0x00, 0x00, 0x00, 0x00, 0x00,
  0x00, 0x00, 0x00, 0x00, 0x00, 0x00, 0x00, 0x00, 0x00, 0x00, 0x00, 0x00, 0x00, 0x00, 0x00, 0x00,
  0x00, 0x00, 0x00, 0x00, 0x00, 0x00, 0x00, 0x00, 0x00, 0x00, 0x00, 0x00, 0x00, 0x00, 0x00, 0x00,
  0x00, 0x00, 0x00, 0x00, 0x00, 0x00, 0x00, 0x00, 0x00, 0x00, 0x00, 0x00, 0x00, 0x00, 0x00, 0x00,
  0x00, 0x00, 0x00, 0x00, 0x00, 0x00, 0x00, 0x00, 0x00, 0x00, 0x00, 0x00, 0x00, 0x00, 0x00, 0x00,
  0x00, 0x00, 0x00, 0x00, 0x00, 0x00, 0x00, 0x00, 0x00, 0x00, 0x00, 0x00, 0x00, 0x00, 0x00, 0x00,
  0x00, 0x00, 0x00, 0x00, 0x00, 0x00, 0x00, 0x00, 0x00, 0x00, 0x00, 0x00, 0x00, 0x00, 0x00, 0x00,
  0x00, 0x00, 0x00, 0x00, 0x00, 0x00, 0x00, 0x00, 0x00, 0x00, 0x00, 0x00, 0x00, 0x00, 0x00, 0x00,
  0x00, 0x00, 0x00, 0x00, 0x00, 0x00, 0x00, 0x00, 0x00, 0x00, 0x00, 0x00, 0x00, 0x00, 0x00, 0x00,
  0x00, 0x00, 0x00, 0x00, 0x00, 0x00, 0x00, 0x00, 0x00, 0x00, 0x00, 0x00, 0x00, 0x00, 0x00, 0x00,
  0x00, 0x00, 0x00, 0x00, 0x00, 0x00, 0x00, 0x00, 0x00, 0x00, 0x00, 0x00, 0x00, 0x00, 0x00, 0x00,
  0x00, 0x00, 0x00, 0x00, 0x00, 0x00, 0x00, 0x00, 0x00, 0x00, 0x00, 0x00, 0x00, 0x00, 0x00, 0x00,
  0x00, 0x00, 0x00, 0x00, 0x00, 0x00, 0x00, 0x00, 0x00, 0x00, 0x00, 0x00, 0x00, 0x00, 0x00, 0x00,
  0x00, 0x00, 0x00, 0x00, 0x00, 0x00, 0x00, 0x00, 0x00, 0x00, 0x00, 0x00, 0x00, 0x00, 0x00, 0x00,
  0x00, 0x00, 0x00, 0x00, 0x00, 0x00, 0x00, 0x00, 0x00, 0x00, 0x00, 0x00, 0x00, 0x00, 0x00, 0x00,
  0x00, 0x00, 0x00, 0x00, 0x00, 0x00, 0x00, 0x00, 0x00, 0x00, 0x00, 0x00, 0x00, 0x00, 0x00, 0x00,
  0x00, 0x00, 0x00, 0x00, 0x00, 0x00, 0x00, 0x00, 0x00, 0x00, 0x00, 0x00, 0x00, 0x00, 0x00, 0x04,
  0x00, 0x00, 0x00, 0x00, 0x00, 0x00, 0x00, 0x00, 0x00, 0x00, 0x00, 0x00, 0x00, 0x00, 0x00, 0x00,
  0x00, 0x00, 0x00, 0x00, 0x00, 0x00, 0x00, 0x00, 0x00, 0x00, 0x00, 0x00, 0x00, 0x00, 0x00, 0x44,
  0x00, 0x00, 0x00, 0x00, 0x00, 0x00, 0x00, 0x00, 0x00, 0x00, 0x00, 0x00, 0x00, 0x00, 0x00, 0x00,
  0x00, 0x00, 0x00, 0x00, 0x00, 0x00, 0x00, 0x00, 0x00, 0x00, 0x00, 0x00, 0x00, 0x00, 0x00, 0x43,
  0x40, 0x00, 0x44, 0x00, 0x00, 0x00, 0x00, 0x00, 0x00, 0x00, 0x00, 0x00, 0x00, 0x00, 0x00, 0x00,
  0x00, 0x00, 0x00, 0x00, 0x00, 0x00, 0x00, 0x00, 0x00, 0x00, 0x00, 0x00, 0x04, 0x40, 0x04, 0x32,
  0x23, 0x33, 0x44, 0x00, 0x00, 0x00, 0x00, 0x00, 0x00, 0x00, 0x00, 0x00, 0x00, 0x00, 0x00, 0x00,
  0x00, 0x00, 0x00, 0x00, 0x00, 0x00, 0x00, 0x00, 0x00, 0x03, 0x32, 0x33, 0x54, 0x33, 0x44, 0x43,
  0x43, 0x43, 0x44, 0x04, 0x00, 0x00, 0x00, 0x00, 0x00, 0x00, 0x00, 0x00, 0x00, 0x00, 0x00, 0x00,
  0x00, 0x00, 0x00, 0x00, 0x00, 0x00, 0x00, 0x00, 0x03, 0x42, 0x22, 0x32, 0x24, 0x32, 0x23, 0x24,
  0x34, 0x43, 0x32, 0x42, 0x33, 0x33, 0x30, 0x00, 0x00, 0x00, 0x00, 0x00, 0x00, 0x00, 0x00, 0x00,
  0x00, 0x00, 0x00, 0x00, 0x00, 0x00, 0x00, 0x00, 0x00, 0x33, 0x33, 0x22, 0x33, 0x53, 0x22, 0x33,
  0x44, 0x42, 0x32, 0x33, 0x32, 0x43, 0x33, 0x30, 0x00, 0x00, 0x00, 0x00, 0x00, 0x00, 0x00, 0x00,
  0x00, 0x00, 0x00, 0x00, 0x00, 0x00, 0x00, 0x00, 0x44, 0x32, 0x23, 0x34, 0x32, 0x35, 0x42, 0x13,
  0x87, 0x42, 0x22, 0x43, 0x32, 0x32, 0x33, 0x44, 0x30, 0x00, 0x00, 0x00, 0x00, 0x00, 0x00, 0x00,
  0x00, 0x00, 0x00, 0x00, 0x00, 0x00, 0x00, 0x00, 0x33, 0x32, 0x22, 0x23, 0x23, 0x24, 0x32, 0x32,
  0x22, 0x35, 0x44, 0x33, 0x34, 0x32, 0x46, 0x33, 0x33, 0x00, 0x00, 0x00, 0x00, 0x00, 0x00, 0x00,
  0x00, 0x00, 0x00, 0x00, 0x00, 0x00, 0x00, 0x00, 0x34, 0x33, 0x45, 0x44, 0x52, 0x43, 0x55, 0x46,
  0x54, 0x54, 0x65, 0x42, 0x32, 0x23, 0x24, 0x32, 0x33, 0x33, 0x00, 0x00, 0x00, 0x00, 0x00, 0x00,
  0x00, 0x00, 0x00, 0x00, 0x00, 0x00, 0x00, 0x32, 0x33, 0x33, 0x24, 0x23, 0x32, 0x57, 0x68, 0x97,
  0x54, 0x36, 0x53, 0x26, 0x44, 0x22, 0x33, 0x23, 0x32, 0x33, 0x33, 0x00, 0x00, 0x00, 0x00, 0x00,
  0x00, 0x00, 0x00, 0x00, 0x00, 0x00, 0x03, 0x33, 0x33, 0x33, 0x45, 0x42, 0x24, 0x54, 0x65, 0x44,
  0x54, 0x65, 0x23, 0x23, 0x34, 0x45, 0x22, 0x23, 0x43, 0x34, 0x33, 0x30, 0x00, 0x00, 0x00, 0x00,
  0x00, 0x00, 0x00, 0x00, 0x00, 0x32, 0x03, 0x32, 0x24, 0x22, 0x22, 0x32, 0x34, 0x43, 0x22, 0x22,
  0x22, 0x44, 0x55, 0x33, 0x22, 0x35, 0x74, 0x23, 0x47, 0x75, 0x63, 0x00, 0x00, 0x00, 0x00, 0x00,
  0x00, 0x00, 0x00, 0x43, 0x00, 0x34, 0x33, 0x28, 0x74, 0x23, 0x23, 0x34, 0x43, 0x43, 0x53, 0x73,
  0x34, 0x33, 0x55, 0x44, 0x23, 0x13, 0x43, 0x22, 0x43, 0x22, 0x23, 0x00, 0x00, 0x00, 0x00, 0x00,
  0x00, 0x00, 0x03, 0x33, 0x33, 0x33, 0x33, 0x23, 0x43, 0x22, 0x22, 0x25, 0x65, 0x45, 0x63, 0x43,
  0x44, 0x54, 0x42, 0x22, 0x21, 0x23, 0x22, 0x33, 0x33, 0x23, 0x22, 0x30, 0x00, 0x00, 0x00, 0x00,
  0x00, 0x00, 0x03, 0x33, 0x33, 0x43, 0x23, 0x22, 0x33, 0x22, 0x33, 0x32, 0x23, 0x53, 0x33, 0x54,
  0x33, 0x44, 0x34, 0x22, 0x33, 0x53, 0x23, 0x34, 0x22, 0x33, 0x33, 0x30, 0x00, 0x00, 0x00, 0x00,
  0x00, 0x04, 0x43, 0x33, 0x33, 0x22, 0x21, 0x24, 0x52, 0x33, 0x43, 0x34, 0x44, 0x42, 0x22, 0x55,
  0x54, 0x44, 0x55, 0x64, 0x22, 0x53, 0x22, 0x22, 0x22, 0x23, 0x32, 0x23, 0x30, 0x00, 0x00, 0x00,
  0x00, 0x00, 0x24, 0x54, 0x86, 0x64, 0x87, 0x6A, 0x9C, 0xA5, 0x66, 0x65, 0x83, 0x31, 0x22, 0x48,
  0x83, 0x35, 0x95, 0x42, 0x32, 0x23, 0x22, 0x13, 0x22, 0x22, 0x33, 0x33, 0x20, 0x00, 0x00, 0x00,
  0x00, 0x00, 0x33, 0x44, 0x22, 0x22, 0x22, 0x13, 0x33, 0x22, 0x35, 0x76, 0x86, 0x32, 0x23, 0x67,
  0x45, 0x58, 0x53, 0x34, 0x21, 0x32, 0x22, 0x22, 0x68, 0x76, 0x22, 0x33, 0x30, 0x00, 0x00, 0x00,
  0x00, 0x03, 0x33, 0x32, 0x22, 0x22, 0x22, 0x22, 0x32, 0x32, 0x35, 0x32, 0x34, 0x34, 0x58, 0x87,
  0x58, 0x54, 0x55, 0x64, 0x33, 0x22, 0x31, 0x12, 0x23, 0x55, 0x22, 0x32, 0x32, 0x00, 0x00, 0x00,
  0x00, 0x00, 0x33, 0x33, 0x23, 0x24, 0x42, 0x23, 0x34, 0x73, 0x32, 0x34, 0x45, 0x79, 0x96, 0x34,
  0x65, 0x53, 0x45, 0x43, 0x44, 0x53, 0x33, 0x33, 0x42, 0x21, 0x21, 0x22, 0x22, 0x22, 0x00, 0x00,
  0x00, 0x00, 0x03, 0x22, 0x33, 0x43, 0x46, 0x45, 0x53, 0x34, 0x55, 0x43, 0x22, 0x45, 0x74, 0x32,
  0x25, 0x22, 0x33, 0x42, 0x35, 0x34, 0x44, 0x94, 0x33, 0x12, 0x33, 0x31, 0x32, 0x22, 0x00, 0x00,
  0x00, 0x00, 0x00, 0x32, 0x23, 0x32, 0x22, 0x22, 0x22, 0x26, 0x33, 0x53, 0x32, 0x43, 0x67, 0x42,
  0x32, 0x32, 0x33, 0x22, 0x32, 0x22, 0x26, 0x46, 0x62, 0x22, 0x23, 0x33, 0x43, 0x23, 0x23, 0x22,
  0x00, 0x00, 0x00, 0x03, 0x33, 0x22, 0x32, 0x22, 0x13, 0x57, 0x44, 0x34, 0x53, 0x32, 0x58, 0x44,
  0x31, 0x32, 0x32, 0x25, 0x41, 0x33, 0x11, 0x22, 0x34, 0x54, 0x32, 0x54, 0x23, 0x32, 0x22, 0x00,
  0x00, 0x00, 0x00, 0x00, 0x32, 0x32, 0x22, 0x63, 0x11, 0x12, 0x25, 0x58, 0x66, 0x33, 0x35, 0x55,
  0x31, 0x12, 0x22, 0x22, 0x23, 0x23, 0x22, 0x12, 0x21, 0x23, 0x33, 0x36, 0x32, 0x22, 0x22, 0x00,
  0x00, 0x00, 0x00, 0x03, 0x33, 0x22, 0x23, 0x32, 0x23, 0x12, 0x24, 0x32, 0x24, 0x23, 0x33, 0x43,
  0x11, 0x23, 0x13, 0x23, 0x22, 0x22, 0x33, 0x22, 0x23, 0x43, 0x22, 0x22, 0x12, 0x22, 0x20, 0x00,
  0x00, 0x00, 0x00, 0x00, 0x22, 0x22, 0x14, 0x23, 0x12, 0x24, 0x36, 0x62, 0x32, 0x34, 0x33, 0x22,
  0x32, 0x12, 0x12, 0x21, 0x22, 0x11, 0x22, 0x32, 0x47, 0x22, 0x23, 0x53, 0x42, 0x32, 0x22, 0x00,
  0x00, 0x00, 0x00, 0x03, 0x34, 0x22, 0x22, 0x11, 0x11, 0x22, 0x34, 0x37, 0x65, 0x22, 0x11, 0x11,
  0x11, 0x11, 0x12, 0x22, 0x23, 0x54, 0x32, 0x22, 0x54, 0x54, 0x25, 0x42, 0x23, 0x22, 0x22, 0x00,
  0x00, 0x00, 0x00, 0x00, 0x02, 0x22, 0x22, 0x11, 0x15, 0x43, 0x45, 0x34, 0x65, 0x42, 0x13, 0x32,
  0x13, 0x41, 0x21, 0x12, 0x33, 0x43, 0x23, 0x22, 0x22, 0x22, 0x55, 0x32, 0x12, 0x22, 0x22, 0x00,
  0x00, 0x00, 0x00, 0x00, 0x33, 0x22, 0x22, 0x21, 0x13, 0x12, 0x11, 0x22, 0x21, 0x22, 0x23, 0x37,
  0x54, 0x33, 0x22, 0x12, 0x23, 0x23, 0x23, 0x34, 0x34, 0x53, 0x36, 0x34, 0x22, 0x22, 0x20, 0x00,
  0x00, 0x00, 0x00, 0x00, 0x03, 0x22, 0x23, 0x22, 0x21, 0x12, 0x42, 0x22, 0x34, 0x22, 0x32, 0x21,
  0x21, 0x24, 0x45, 0x56, 0x55, 0x42, 0x33, 0x64, 0x83, 0x22, 0x54, 0x33, 0x32, 0x22, 0x32, 0x00,
  0x00, 0x00, 0x00, 0x00, 0x23, 0x23, 0x32, 0x33, 0x22, 0x45, 0xA3, 0x22, 0x33, 0x24, 0x43, 0x21,
  0x12, 0x12, 0x36, 0x64, 0x53, 0x43, 0x54, 0x35, 0x56, 0x52, 0x43, 0x23, 0x33, 0x22, 0x20, 0x00,
  0x00, 0x00, 0x00, 0x00, 0x00, 0x33, 0x23, 0x22, 0x11, 0x14, 0x22, 0x22, 0x22, 0x11, 0x23, 0x23,
  0x24, 0x45, 0x58, 0x44, 0x26, 0x56, 0x69, 0x75, 0x76, 0x98, 0x32, 0x22, 0x22, 0x22, 0x00, 0x00,
  0x00, 0x00, 0x00, 0x00, 0x00, 0x03, 0x22, 0x22, 0x22, 0x34, 0x42, 0x12, 0x21, 0x22, 0x23, 0x12,
  0x24, 0x32, 0x23, 0x33, 0x32, 0x24, 0x24, 0x22, 0x34, 0x35, 0x33, 0x31, 0x23, 0x00, 0x00, 0x00,
  0x00, 0x00, 0x00, 0x00, 0x00, 0x03, 0x33, 0x23, 0x33, 0x22, 0x23, 0x32, 0x33, 0x32, 0x33, 0x22,
  0x34, 0x53, 0x24, 0x13, 0x22, 0x33, 0x34, 0x35, 0x22, 0x22, 0x32, 0x33, 0x22, 0x00, 0x00, 0x00,
  0x00, 0x00, 0x00, 0x00, 0x00, 0x03, 0x32, 0x22, 0x33, 0x33, 0x32, 0x43, 0x23, 0x54, 0x22, 0x22,
  0x44, 0x23, 0x12, 0x13, 0x32, 0x25, 0x44, 0x33, 0x32, 0x32, 0x23, 0x22, 0x22, 0x00, 0x00, 0x00,
  0x00, 0x00, 0x00, 0x00, 0x00, 0x00, 0x22, 0x24, 0x27, 0x44, 0x45, 0x55, 0x66, 0x52, 0x55, 0x32,
  0x21, 0x22, 0x21, 0x12, 0x11, 0x11, 0x12, 0x21, 0x21, 0x23, 0x22, 0x22, 0x22, 0x20, 0x00, 0x00,
  0x00, 0x00, 0x00, 0x00, 0x00, 0x00, 0x00, 0x22, 0x22, 0x25, 0x32, 0x22, 0x22, 0x22, 0x22, 0x33,
  0x32, 0x54, 0x32, 0x12, 0x13, 0x22, 0x42, 0x24, 0x43, 0x22, 0x22, 0x12, 0x22, 0x20, 0x00, 0x00,
  0x00, 0x00, 0x00, 0x00, 0x00, 0x00, 0x00, 0x00, 0x22, 0x22, 0x13, 0x24, 0x44, 0x31, 0x12, 0x23,
  0x56, 0x53, 0x35, 0x55, 0x22, 0x23, 0x14, 0x87, 0x44, 0x64, 0x32, 0x12, 0x20, 0x20, 0x00, 0x00,
  0x00, 0x00, 0x00, 0x00, 0x00, 0x00, 0x00, 0x00, 0x22, 0x21, 0x21, 0x22, 0x32, 0x23, 0x22, 0x32,
  0x43, 0x34, 0x22, 0x42, 0x33, 0x32, 0x11, 0x22, 0x12, 0x22, 0x21, 0x22, 0x22, 0x00, 0x00, 0x00,
  0x00, 0x00, 0x00, 0x00, 0x00, 0x00, 0x00, 0x02, 0x22, 0x22, 0x22, 0x23, 0x22, 0x32, 0x21, 0x22,
  0x33, 0x33, 0x21, 0x12, 0x12, 0x21, 0x21, 0x21, 0x21, 0x22, 0x22, 0x22, 0x22, 0x00, 0x00, 0x00,
  0x00, 0x00, 0x00, 0x00, 0x00, 0x00, 0x00, 0x00, 0x02, 0x22, 0x22, 0x22, 0x22, 0x21, 0x21, 0x12,
  0x22, 0x22, 0x21, 0x22, 0x22, 0x12, 0x21, 0x12, 0x32, 0x21, 0x22, 0x20, 0x00, 0x00, 0x00, 0x00,
  0x00, 0x00, 0x00, 0x00, 0x00, 0x00, 0x00, 0x00, 0x00, 0x00, 0x00, 0x02, 0x22, 0x22, 0x23, 0x44,
  0x43, 0x22, 0x22, 0x22, 0x22, 0x12, 0x22, 0x21, 0x43, 0x22, 0x22, 0x20, 0x00, 0x00, 0x00, 0x00,
  0x00, 0x00, 0x00, 0x00, 0x00, 0x00, 0x00, 0x00, 0x00, 0x00, 0x00, 0x00, 0x00, 0x22, 0x22, 0x22,
  0x32, 0x22, 0x22, 0x22, 0x32, 0x22, 0x12, 0x22, 0x20, 0x22, 0x20, 0x00, 0x00, 0x00, 0x00, 0x00,
  0x00, 0x00, 0x00, 0x00, 0x00, 0x00, 0x00, 0x00, 0x00, 0x00, 0x00, 0x00, 0x00, 0x00, 0x02, 0x22,
  0x22, 0x22, 0x22, 0x02, 0x22, 0x02, 0x22, 0x20, 0x00, 0x00, 0x00, 0x00, 0x00, 0x00, 0x00, 0x00,
  0x00, 0x00, 0x00, 0x00, 0x00, 0x00, 0x00, 0x00, 0x00, 0x00, 0x00, 0x00, 0x00, 0x00, 0x00, 0x00,
  0x00, 0x00, 0x00, 0x00, 0x00, 0x00, 0x00, 0x00, 0x00, 0x00, 0x00, 0x00, 0x00, 0x00, 0x00, 0x00,
  0x00, 0x00, 0x00, 0x00, 0x00, 0x00, 0x00, 0x00, 0x00, 0x00, 0x00, 0x00, 0x00, 0x00, 0x00, 0x00,
  0x00, 0x00, 0x00, 0x00, 0x00, 0x00, 0x00, 0x00, 0x00, 0x00, 0x00, 0x00, 0x00, 0x00, 0x00, 0x00,
  0x00, 0x00, 0x00, 0x00, 0x00, 0x00, 0x00, 0x00, 0x00, 0x00, 0x00, 0x00, 0x00, 0x00, 0x00, 0x00,
  0x00, 0x00, 0x00, 0x00, 0x00, 0x00, 0x00, 0x00, 0x00, 0x00, 0x00, 0x00, 0x00, 0x00, 0x00, 0x00,
  0x00, 0x00, 0x00, 0x00, 0x00, 0x00, 0x00, 0x00, 0x00, 0x00, 0x00, 0x00, 0x00, 0x00, 0x00, 0x00,
  0x00, 0x00, 0x00, 0x00, 0x00, 0x00, 0x00, 0x00, 0x00, 0x00, 0x00, 0x00, 0x00, 0x00, 0x00, 0x00,
  0x00, 0x00, 0x00, 0x00, 0x00, 0x00, 0x00, 0x00, 0x00, 0x00, 0x00, 0x00, 0x00, 0x00, 0x00, 0x00,
  0x00, 0x00, 0x00, 0x00, 0x00, 0x00, 0x00, 0x00, 0x00, 0x00, 0x00, 0x00, 0x00, 0x00, 0x00, 0x00,
  0x00, 0x00, 0x00, 0x00, 0x00, 0x00, 0x00, 0x00, 0x00, 0x00, 0x00, 0x00, 0x00, 0x00, 0x00, 0x00,
  0x00, 0x00, 0x00, 0x00, 0x00, 0x00, 0x00, 0x00, 0x00, 0x00, 0x00, 0x00, 0x00, 0x00, 0x00, 0x00,
  0x00, 0x00, 0x00, 0x00, 0x00, 0x00, 0x00, 0x00, 0x00, 0x00, 0x00, 0x00, 0x00, 0x00, 0x00, 0x00,
  0x00, 0x00, 0x00, 0x00, 0x00, 0x00, 0x00, 0x00, 0x00, 0x00, 0x00, 0x00, 0x00, 0x00, 0x00, 0x00,
  0x00, 0x00, 0x00, 0x00, 0x00, 0x00, 0x00, 0x00, 0x00, 0x00, 0x00, 0x00, 0x00, 0x00, 0x00, 0x00,
  0x00, 0x00, 0x00, 0x00, 0x00, 0x00, 0x00, 0x00, 0x00, 0x00, 0x00, 0x00, 0x00, 0x00, 0x00, 0x00,
  0x00, 0x00, 0x00, 0x00, 0x00, 0x00, 0x00, 0x00, 0x00, 0x00, 0x00, 0x00, 0x00, 0x00, 0x00, 0x00,
  0x00, 0x00, 0x00, 0x00, 0x00, 0x00, 0x00, 0x00, 0x00, 0x00, 0x00, 0x00, 0x00, 0x00, 0x00, 0x00,
  0x00, 0x00, 0x00, 0x00, 0x00, 0x00, 0x00, 0x00, 0x00, 0x00, 0x00, 0x00, 0x00, 0x00, 0x00, 0x00,
  0x00, 0x00, 0x00, 0x00, 0x00, 0x00, 0x00, 0x00, 0x00, 0x00, 0x00, 0x00, 0x00, 0x00, 0x00, 0x00,
};
static const uint8_t BOOT_SKULL_8_DATA[] PROGMEM = {
  0x00, 0x00, 0x00, 0x00, 0x00, 0x00, 0x00, 0x00, 0x00, 0x00, 0x00, 0x00, 0x00, 0x00, 0x00, 0x00,
  0x00, 0x00, 0x00, 0x00, 0x00, 0x00, 0x00, 0x00, 0x00, 0x00, 0x00, 0x00, 0x00, 0x00, 0x00, 0x00,
  0x00, 0x00, 0x00, 0x00, 0x00, 0x00, 0x00, 0x00, 0x00, 0x00, 0x00, 0x00, 0x00, 0x00, 0x00, 0x00,
  0x00, 0x00, 0x00, 0x00, 0x00, 0x00, 0x00, 0x00, 0x00, 0x00, 0x00, 0x00, 0x00, 0x00, 0x00, 0x00,
  0x00, 0x00, 0x00, 0x00, 0x00, 0x00, 0x00, 0x00, 0x00, 0x00, 0x00, 0x00, 0x00, 0x00, 0x00, 0x00,
  0x00, 0x00, 0x00, 0x00, 0x00, 0x00, 0x00, 0x00, 0x00, 0x00, 0x00, 0x00, 0x00, 0x00, 0x00, 0x00,
  0x00, 0x00, 0x00, 0x00, 0x00, 0x00, 0x00, 0x00, 0x00, 0x00, 0x00, 0x00, 0x00, 0x00, 0x00, 0x00,
  0x00, 0x00, 0x00, 0x00, 0x00, 0x00, 0x00, 0x00, 0x00, 0x00, 0x00, 0x00, 0x00, 0x00, 0x00, 0x00,
  0x00, 0x00, 0x00, 0x00, 0x00, 0x00, 0x00, 0x00, 0x00, 0x00, 0x00, 0x00, 0x00, 0x00, 0x00, 0x00,
  0x00, 0x00, 0x00, 0x00, 0x00, 0x00, 0x00, 0x00, 0x00, 0x00, 0x00, 0x00, 0x00, 0x00, 0x00, 0x00,
  0x00, 0x00, 0x00, 0x00, 0x00, 0x00, 0x00, 0x00, 0x00, 0x00, 0x00, 0x00, 0x00, 0x00, 0x00, 0x00,
  0x00, 0x00, 0x00, 0x00, 0x00, 0x00, 0x00, 0x00, 0x00, 0x00, 0x00, 0x00, 0x00, 0x00, 0x00, 0x00,
  0x00, 0x00, 0x00, 0x00, 0x00, 0x00, 0x00, 0x00, 0x00, 0x00, 0x00, 0x00, 0x00, 0x00, 0x00, 0x00,
  0x00, 0x00, 0x00, 0x00, 0x00, 0x00, 0x00, 0x00, 0x00, 0x00, 0x00, 0x00, 0x00, 0x00, 0x00, 0x00,
  0x00, 0x00, 0x00, 0x00, 0x00, 0x00, 0x00, 0x00, 0x00, 0x00, 0x00, 0x00, 0x00, 0x00, 0x00, 0x00,
  0x00, 0x00, 0x00, 0x00, 0x00, 0x00, 0x00, 0x00, 0x00, 0x00, 0x00, 0x00, 0x00, 0x00, 0x00, 0x00,
  0x00, 0x00, 0x00, 0x00, 0x00, 0x00, 0x00, 0x00, 0x00, 0x00, 0x00, 0x00, 0x00, 0x00, 0x00, 0x00,
  0x00, 0x00, 0x00, 0x00, 0x00, 0x00, 0x00, 0x00, 0x00, 0x00, 0x00, 0x00, 0x00, 0x00, 0x00, 0x00,
  0x00, 0x00, 0x00, 0x00, 0x00, 0x00, 0x00, 0x00, 0x00, 0x00, 0x00, 0x00, 0x00, 0x00, 0x00, 0x00,
  0x00, 0x00, 0x00, 0x00, 0x00, 0x00, 0x00, 0x00, 0x00, 0x00, 0x00, 0x00, 0x00, 0x00, 0x00, 0x00,
  0x00, 0x00, 0x00, 0x00, 0x00, 0x00, 0x00, 0x00, 0x00, 0x00, 0x00, 0x00, 0x00, 0x00, 0x00, 0x00,
  0x00, 0x00, 0x00, 0x00, 0x00, 0x00, 0x00, 0x00, 0x00, 0x00, 0x00, 0x00, 0x00, 0x00, 0x00, 0x00,
  0x00, 0x00, 0x00, 0x00, 0x00, 0x00, 0x00, 0x00, 0x00, 0x00, 0x00, 0x00, 0x00, 0x00, 0x00, 0x00,
  0x00, 0x00, 0x00, 0x00, 0x00, 0x00, 0x00, 0x00, 0x00, 0x00, 0x00, 0x00, 0x00, 0x00, 0x00, 0x00,
  0x00, 0x00, 0x00, 0x00, 0x00, 0x00, 0x00, 0x00, 0x00, 0x00, 0x00, 0x00, 0x00, 0x33, 0x03, 0x00,
  0x00, 0x00, 0x00, 0x00, 0x00, 0x00, 0x00, 0x00, 0x00, 0x00, 0x00, 0x00, 0x00, 0x00, 0x00, 0x00,
  0x00, 0x00, 0x00, 0x00, 0x00, 0x00, 0x00, 0x00, 0x00, 0x00, 0x00, 0x02, 0x33, 0x33, 0x23, 0x00,
  0x30, 0x00, 0x00, 0x00, 0x00, 0x00, 0x00, 0x00, 0x00, 0x00, 0x00, 0x00, 0x00, 0x00, 0x00, 0x00,
  0x00, 0x00, 0x00, 0x00, 0x00, 0x00, 0x00, 0x00, 0x03, 0x33, 0x33, 0x22, 0x22, 0x23, 0x22, 0x24,
  0x33, 0x33, 0x33, 0x33, 0x00, 0x00, 0x00, 0x00, 0x00, 0x00, 0x00, 0x00, 0x00, 0x00, 0x00, 0x00,
  0x00, 0x00, 0x00, 0x00, 0x00, 0x00, 0x00, 0x00, 0x22, 0x22, 0x22, 0x23, 0x22, 0x22, 0x31, 0x75,
  0x22, 0x23, 0x32, 0x23, 0x23, 0x00, 0x00, 0x00, 0x00, 0x00, 0x00, 0x00, 0x00, 0x00, 0x00, 0x00,
  0x00, 0x00, 0x00, 0x00, 0x00, 0x00, 0x00, 0x33, 0x33, 0x42, 0x22, 0x22, 0x22, 0x22, 0x22, 0x34,
  0x12, 0x22, 0x22, 0x22, 0x32, 0x30, 0x00, 0x00, 0x00, 0x00, 0x00, 0x00, 0x00, 0x00, 0x00, 0x00,
  0x00, 0x00, 0x00, 0x00, 0x00, 0x00, 0x00, 0x33, 0x31, 0x22, 0x32, 0x23, 0x22, 0x33, 0x33, 0x44,
  0x33, 0x25, 0x22, 0x24, 0x43, 0x32, 0x22, 0x30, 0x00, 0x00, 0x00, 0x00, 0x00, 0x00, 0x00, 0x00,
  0x00, 0x00, 0x00, 0x00, 0x00, 0x00, 0x32, 0x33, 0x22, 0x22, 0x33, 0x22, 0x15, 0x34, 0x33, 0x55,
  0x34, 0x63, 0x23, 0x44, 0x43, 0x21, 0x22, 0x23, 0x00, 0x00, 0x00, 0x00, 0x00, 0x00, 0x00, 0x00,
  0x00, 0x00, 0x00, 0x00, 0x00, 0x33, 0x32, 0x23, 0x35, 0x63, 0x31, 0x22, 0x47, 0x82, 0x33, 0x54,
  0x53, 0x32, 0x12, 0x22, 0x22, 0x22, 0x22, 0x33, 0x22, 0x00, 0x00, 0x00, 0x00, 0x00, 0x00, 0x00,
  0x00, 0x00, 0x00, 0x00, 0x00, 0x32, 0x21, 0x12, 0x23, 0x55, 0x43, 0x33, 0x32, 0x54, 0x53, 0x54,
  0x24, 0x44, 0x44, 0x45, 0x55, 0x77, 0x42, 0x22, 0x23, 0x33, 0x00, 0x20, 0x00, 0x00, 0x00, 0x00,
  0x00, 0x00, 0x00, 0x00, 0x36, 0x32, 0x22, 0x22, 0x12, 0x22, 0x33, 0x33, 0x67, 0x33, 0xA7, 0x32,
  0x22, 0x21, 0x21, 0x26, 0x52, 0x23, 0x11, 0x12, 0x22, 0x33, 0x34, 0x30, 0x00, 0x00, 0x00, 0x00,
  0x00, 0x00, 0x00, 0x00, 0x22, 0x22, 0x24, 0x44, 0x22, 0x23, 0x33, 0x43, 0x54, 0x54, 0x58, 0x72,
  0x21, 0x13, 0x44, 0x42, 0x22, 0x22, 0x21, 0x21, 0x22, 0x22, 0x22, 0x20, 0x00, 0x00, 0x00, 0x00,
  0x00, 0x00, 0x00, 0x00, 0x33, 0x22, 0x11, 0x23, 0x22, 0x31, 0x23, 0x43, 0x33, 0x35, 0x64, 0x54,
  0x64, 0x43, 0x64, 0x23, 0x21, 0x12, 0x21, 0x22, 0x32, 0x32, 0x32, 0x22, 0x20, 0x00, 0x00, 0x22,
  0x00, 0x00, 0x00, 0x02, 0x22, 0x34, 0x45, 0x47, 0x68, 0x45, 0x64, 0x46, 0x75, 0xA3, 0x43, 0x66,
  0x78, 0x65, 0x23, 0x33, 0x22, 0x23, 0x23, 0x22, 0x22, 0x22, 0x22, 0x22, 0x22, 0x22, 0x22, 0x22,
  0x00, 0x03, 0x03, 0x32, 0x11, 0x43, 0x42, 0x52, 0x13, 0x25, 0x33, 0x44, 0x46, 0x56, 0x33, 0x34,
  0x43, 0x43, 0x23, 0x32, 0x22, 0x22, 0x22, 0x32, 0x32, 0x42, 0x36, 0x33, 0x32, 0x22, 0x22, 0x22,
  0x00, 0x02, 0x22, 0x32, 0x24, 0x44, 0x44, 0x43, 0x22, 0x23, 0x24, 0x44, 0x44, 0x34, 0x23, 0x45,
  0x42, 0x32, 0x23, 0x66, 0x54, 0x24, 0x44, 0x24, 0x23, 0x33, 0x33, 0x22, 0x21, 0x22, 0x22, 0x22,
  0x00, 0x32, 0x33, 0x32, 0x42, 0x22, 0x22, 0x22, 0x12, 0x12, 0x13, 0x76, 0x57, 0x54, 0x42, 0x33,
  0x32, 0x22, 0x35, 0x46, 0x67, 0x32, 0x22, 0x32, 0x42, 0x32, 0x22, 0x21, 0x13, 0x34, 0x22, 0x32,
  0x03, 0x22, 0x22, 0x23, 0x31, 0x33, 0x12, 0x13, 0x32, 0x21, 0x23, 0x34, 0x24, 0x43, 0x43, 0x23,
  0x56, 0x44, 0x23, 0x79, 0x66, 0x43, 0x23, 0x34, 0x45, 0x49, 0x44, 0x22, 0x12, 0x22, 0x22, 0x22,
  0x00, 0x33, 0x22, 0x21, 0x11, 0x22, 0x13, 0x13, 0x43, 0x11, 0x22, 0x44, 0x27, 0x65, 0x23, 0x46,
  0x54, 0x31, 0x13, 0x34, 0x54, 0x34, 0x43, 0x32, 0x68, 0x88, 0x76, 0x66, 0x52, 0x22, 0x32, 0x32,
  0x00, 0x02, 0x22, 0x22, 0x22, 0x23, 0x22, 0x35, 0x32, 0x12, 0x21, 0x22, 0x53, 0x33, 0x64, 0x78,
  0x64, 0x43, 0x42, 0x33, 0x34, 0x24, 0x24, 0x44, 0x44, 0x32, 0x22, 0x22, 0x22, 0x32, 0x22, 0x22,
  0x00, 0x02, 0x22, 0x22, 0x23, 0x22, 0x23, 0x56, 0x43, 0x11, 0x22, 0x22, 0x12, 0x11, 0x25, 0x55,
  0x64, 0x54, 0x53, 0x32, 0x22, 0x34, 0x24, 0x33, 0x62, 0x32, 0x22, 0x31, 0x12, 0x22, 0x22, 0x22,
  0x00, 0x02, 0x22, 0x22, 0x22, 0x22, 0x22, 0x22, 0x23, 0x66, 0x34, 0x43, 0x23, 0x22, 0x32, 0x25,
  0x64, 0x33, 0x22, 0x46, 0x52, 0x22, 0x51, 0x22, 0x23, 0x42, 0x33, 0x23, 0x23, 0x22, 0x22, 0x22,
  0x00, 0x00, 0x03, 0x22, 0x22, 0x22, 0x23, 0x22, 0x22, 0x25, 0x23, 0x43, 0x42, 0x12, 0x23, 0x33,
  0x44, 0x32, 0x32, 0x54, 0x32, 0x22, 0x24, 0x52, 0x24, 0x45, 0x33, 0x44, 0x42, 0x32, 0x22, 0x22,
  0x00, 0x00, 0x00, 0x00, 0x03, 0x22, 0x22, 0x22, 0x11, 0x23, 0x12, 0x31, 0x21, 0x12, 0x23, 0x42,
  0x45, 0x42, 0x22, 0x33, 0x34, 0x44, 0x36, 0x75, 0x42, 0x46, 0x52, 0x11, 0x22, 0x22, 0x20, 0x22,
  0x00, 0x00, 0x00, 0x00, 0x02, 0x22, 0x22, 0x24, 0x11, 0x22, 0x11, 0x22, 0x22, 0x22, 0x12, 0x22,
  0x23, 0x45, 0x42, 0x22, 0x22, 0x22, 0x34, 0x32, 0x22, 0x43, 0x22, 0x21, 0x21, 0x22, 0x00, 0x02,
  0x00, 0x00, 0x00, 0x00, 0x00, 0x02, 0x22, 0x22, 0x21, 0x12, 0x12, 0x13, 0x21, 0x12, 0x22, 0x33,
  0x35, 0x48, 0x33, 0x43, 0x23, 0x23, 0x55, 0x43, 0x43, 0x42, 0x33, 0x22, 0x22, 0x12, 0x22, 0x00,
  0x00, 0x00, 0x00, 0x00, 0x00, 0x00, 0x21, 0x12, 0x22, 0x23, 0x22, 0x21, 0x12, 0x22, 0x23, 0x22,
  0x35, 0x63, 0x45, 0x45, 0x55, 0x32, 0x22, 0x34, 0x46, 0x22, 0x43, 0x53, 0x21, 0x22, 0x20, 0x00,
  0x00, 0x00, 0x00, 0x00, 0x00, 0x00, 0x22, 0x11, 0x21, 0x23, 0x21, 0x21, 0x21, 0x21, 0x23, 0x41,
  0x24, 0x43, 0x43, 0x23, 0x54, 0x43, 0x44, 0x57, 0x77, 0x54, 0x32, 0x44, 0x32, 0x22, 0x22, 0x20,
  0x00, 0x00, 0x00, 0x00, 0x00, 0x02, 0x21, 0x33, 0x42, 0x22, 0x21, 0x22, 0x12, 0x22, 0x24, 0x63,
  0x25, 0x87, 0x44, 0x45, 0x54, 0x65, 0x43, 0x22, 0x35, 0x32, 0x24, 0x23, 0x22, 0x22, 0x22, 0x00,
  0x00, 0x00, 0x00, 0x00, 0x00, 0x22, 0x22, 0x23, 0x34, 0x34, 0x21, 0x12, 0x11, 0x21, 0x42, 0x53,
  0x32, 0x32, 0x23, 0x47, 0x53, 0x73, 0x31, 0x23, 0x21, 0x33, 0x11, 0x23, 0x12, 0x22, 0x22, 0x00,
  0x00, 0x00, 0x00, 0x00, 0x00, 0x00, 0x22, 0x22, 0x22, 0x12, 0x21, 0x11, 0x11, 0x22, 0x21, 0x13,
  0x32, 0x22, 0x34, 0x53, 0x33, 0x53, 0x53, 0x21, 0x12, 0x21, 0x11, 0x21, 0x23, 0x22, 0x20, 0x00,
  0x00, 0x00, 0x00, 0x00, 0x00, 0x00, 0x02, 0x22, 0x11, 0x11, 0x22, 0x11, 0x12, 0x22, 0x24, 0x23,
  0x55, 0x33, 0x34, 0x55, 0x33, 0x67, 0x22, 0x23, 0x31, 0x22, 0x22, 0x12, 0x21, 0x22, 0x00, 0x00,
  0x00, 0x00, 0x00, 0x00, 0x00, 0x00, 0x02, 0x22, 0x22, 0x12, 0x22, 0x21, 0x12, 0x11, 0x22, 0x33,
  0x22, 0x23, 0x22, 0x55, 0x42, 0x43, 0x32, 0x36, 0x56, 0x63, 0x22, 0x22, 0x22, 0x22, 0x00, 0x00,
  0x00, 0x00, 0x00, 0x00, 0x00, 0x00, 0x00, 0x22, 0x21, 0x11, 0x12, 0x21, 0x22, 0x22, 0x11, 0x11,
  0x12, 0x23, 0x22, 0x22, 0x22, 0x32, 0x13, 0x33, 0x42, 0x43, 0x22, 0x21, 0x22, 0x20, 0x00, 0x00,
  0x00, 0x00, 0x00, 0x00, 0x00, 0x00, 0x02, 0x22, 0x22, 0x22, 0x22, 0x12, 0x22, 0x23, 0x23, 0x12,
  0x23, 0x21, 0x13, 0x32, 0x32, 0x22, 0x33, 0x22, 0x22, 0x23, 0x24, 0x22, 0x20, 0x00, 0x00, 0x00,
  0x00, 0x00, 0x00, 0x00, 0x00, 0x00, 0x00, 0x22, 0x22, 0x22, 0x22, 0x22, 0x24, 0x22, 0x21, 0x22,
  0x11, 0x33, 0x22, 0x12, 0x32, 0x32, 0x22, 0x11, 0x12, 0x21, 0x22, 0x22, 0x22, 0x20, 0x00, 0x00,
  0x00, 0x00, 0x00, 0x00, 0x00, 0x00, 0x00, 0x00, 0x22, 0x02, 0x22, 0x22, 0x22, 0x32, 0x23, 0x22,
  0x22, 0x22, 0x22, 0x21, 0x33, 0x43, 0x21, 0x22, 0x22, 0x22, 0x22, 0x22, 0x22, 0x00, 0x00, 0x00,
  0x00, 0x00, 0x00, 0x00, 0x00, 0x00, 0x00, 0x00, 0x00, 0x02, 0x00, 0x22, 0x22, 0x22, 0x22, 0x22,
  0x22, 0x22, 0x22, 0x22, 0x12, 0x12, 0x22, 0x22, 0x22, 0x20, 0x02, 0x00, 0x00, 0x00, 0x00, 0x00,
  0x00, 0x00, 0x00, 0x00, 0x00, 0x00, 0x00, 0x00, 0x00, 0x00, 0x00, 0x00, 0x20, 0x00, 0x20, 0x22,
  0x22, 0x22, 0x22, 0x22, 0x22, 0x22, 0x22, 0x22, 0x00, 0x00, 0x22, 0x00, 0x00, 0x00, 0x00, 0x00,
  0x00, 0x00, 0x00, 0x00, 0x00, 0x00, 0x00, 0x00, 0x00, 0x00, 0x00, 0x00, 0x00, 0x00, 0x20, 0x00,
  0x00, 0x22, 0x22, 0x34, 0x22, 0x20, 0x22, 0x00, 0x00, 0x00, 0x00, 0x00, 0x00, 0x00, 0x00, 0x00,
  0x00, 0x00, 0x00, 0x00, 0x00, 0x00, 0x00, 0x00, 0x00, 0x00, 0x00, 0x00, 0x00, 0x00, 0x00, 0x00,
  0x22, 0x00, 0x22, 0x20, 0x22, 0x22, 0x20, 0x00, 0x00, 0x00, 0x00, 0x00, 0x00, 0x00, 0x00, 0x00,
  0x00, 0x00, 0x00, 0x00, 0x00, 0x00, 0x00, 0x00, 0x00, 0x00, 0x00, 0x00, 0x00, 0x00, 0x00, 0x00,
  0x00, 0x00, 0x00, 0x00, 0x22, 0x00, 0x00, 0x00, 0x00, 0x00, 0x00, 0x00, 0x00, 0x00, 0x00, 0x00,
  0x00, 0x00, 0x00, 0x00, 0x00, 0x00, 0x00, 0x00, 0x00, 0x00, 0x00, 0x00, 0x00, 0x00, 0x00, 0x00,
  0x00, 0x00, 0x00, 0x00, 0x00, 0x00, 0x00, 0x00, 0x00, 0x00, 0x00, 0x00, 0x00, 0x00, 0x00, 0x00,
  0x00, 0x00, 0x00, 0x00, 0x00, 0x00, 0x00, 0x00, 0x00, 0x00, 0x00, 0x00, 0x00, 0x00, 0x00, 0x00,
  0x00, 0x00, 0x00, 0x00, 0x00, 0x00, 0x00, 0x00, 0x00, 0x00, 0x00, 0x00, 0x00, 0x00, 0x00, 0x00,
  0x00, 0x00, 0x00, 0x00, 0x00, 0x00, 0x00, 0x00, 0x00, 0x00, 0x00, 0x00, 0x00, 0x00, 0x00, 0x00,
  0x00, 0x00, 0x00, 0x00, 0x00, 0x00, 0x00, 0x00, 0x00, 0x00, 0x00, 0x00, 0x00, 0x00, 0x00, 0x00,
  0x00, 0x00, 0x00, 0x00, 0x00, 0x00, 0x00, 0x00, 0x00, 0x00, 0x00, 0x00, 0x00, 0x00, 0x00, 0x00,
  0x00, 0x00, 0x00, 0x00, 0x00, 0x00, 0x00, 0x00, 0x00, 0x00, 0x00, 0x00, 0x00, 0x00, 0x00, 0x00,
  0x00, 0x00, 0x00, 0x00, 0x00, 0x00, 0x00, 0x00, 0x00, 0x00, 0x00, 0x00, 0x00, 0x00, 0x00, 0x00,
  0x00, 0x00, 0x00, 0x00, 0x00, 0x00, 0x00, 0x00, 0x00, 0x00, 0x00, 0x00, 0x00, 0x00, 0x00, 0x00,
  0x00, 0x00, 0x00, 0x00, 0x00, 0x00, 0x00, 0x00, 0x00, 0x00, 0x00, 0x00, 0x00, 0x00, 0x00, 0x00,
  0x00, 0x00, 0x00, 0x00, 0x00, 0x00, 0x00, 0x00, 0x00, 0x00, 0x00, 0x00, 0x00, 0x00, 0x00, 0x00,
  0x00, 0x00, 0x00, 0x00, 0x00, 0x00, 0x00, 0x00, 0x00, 0x00, 0x00, 0x00, 0x00, 0x00, 0x00, 0x00,
  0x00, 0x00, 0x00, 0x00, 0x00, 0x00, 0x00, 0x00, 0x00, 0x00, 0x00, 0x00, 0x00, 0x00, 0x00, 0x00,
  0x00, 0x00, 0x00, 0x00, 0x00, 0x00, 0x00, 0x00, 0x00, 0x00, 0x00, 0x00, 0x00, 0x00, 0x00, 0x00,
  0x00, 0x00, 0x00, 0x00, 0x00, 0x00, 0x00, 0x00, 0x00, 0x00, 0x00, 0x00, 0x00, 0x00, 0x00, 0x00,
  0x00, 0x00, 0x00, 0x00, 0x00, 0x00, 0x00, 0x00, 0x00, 0x00, 0x00, 0x00, 0x00, 0x00, 0x00, 0x00,
  0x00, 0x00, 0x00, 0x00, 0x00, 0x00, 0x00, 0x00, 0x00, 0x00, 0x00, 0x00, 0x00, 0x00, 0x00, 0x00,
  0x00, 0x00, 0x00, 0x00, 0x00, 0x00, 0x00, 0x00, 0x00, 0x00, 0x00, 0x00, 0x00, 0x00, 0x00, 0x00,
  0x00, 0x00, 0x00, 0x00, 0x00, 0x00, 0x00, 0x00, 0x00, 0x00, 0x00, 0x00, 0x00, 0x00, 0x00, 0x00,
  0x00, 0x00, 0x00, 0x00, 0x00, 0x00, 0x00, 0x00, 0x00, 0x00, 0x00, 0x00, 0x00, 0x00, 0x00, 0x00,
  0x00, 0x00, 0x00, 0x00, 0x00, 0x00, 0x00, 0x00, 0x00, 0x00, 0x00, 0x00, 0x00, 0x00, 0x00, 0x00,
};
static const uint8_t BOOT_SKULL_9_DATA[] PROGMEM = {
  0x00, 0x00, 0x00, 0x00, 0x00, 0x00, 0x00, 0x00, 0x00, 0x00, 0x00, 0x00, 0x00, 0x00, 0x00, 0x00,
  0x00, 0x00, 0x00, 0x00, 0x00, 0x00, 0x00, 0x00, 0x00, 0x00, 0x00, 0x00, 0x00, 0x00, 0x00, 0x00,
  0x00, 0x00, 0x00, 0x00, 0x00, 0x00, 0x00, 0x00, 0x00, 0x00, 0x00, 0x00, 0x00, 0x00, 0x00, 0x00,
  0x00, 0x00, 0x00, 0x00, 0x00, 0x00, 0x00, 0x00, 0x00, 0x00, 0x00, 0x00, 0x00, 0x00, 0x00, 0x00,
  0x00, 0x00, 0x00, 0x00, 0x00, 0x00, 0x00, 0x00, 0x00, 0x00, 0x00, 0x00, 0x00, 0x00, 0x00, 0x00,
  0x00, 0x00, 0x00, 0x00, 0x00, 0x00, 0x00, 0x00, 0x00, 0x00, 0x00, 0x00, 0x00, 0x00, 0x00, 0x00,
  0x00, 0x00, 0x00, 0x00, 0x00, 0x00, 0x00, 0x00, 0x00, 0x00, 0x00, 0x00, 0x00, 0x00, 0x00, 0x00,
  0x00, 0x00, 0x00, 0x00, 0x00, 0x00, 0x00, 0x00, 0x00, 0x00, 0x00, 0x00, 0x00, 0x00, 0x00, 0x00,
  0x00, 0x00, 0x00, 0x00, 0x00, 0x00, 0x00, 0x00, 0x00, 0x00, 0x00, 0x00, 0x00, 0x00, 0x00, 0x00,
  0x00, 0x00, 0x00, 0x00, 0x00, 0x00, 0x00, 0x00, 0x00, 0x00, 0x00, 0x00, 0x00, 0x00, 0x00, 0x00,
  0x00, 0x00, 0x00, 0x00, 0x00, 0x00, 0x00, 0x00, 0x00, 0x00, 0x00, 0x00, 0x00, 0x00, 0x00, 0x00,
  0x00, 0x00, 0x00, 0x00, 0x00, 0x00, 0x00, 0x00, 0x00, 0x00, 0x00, 0x00, 0x00, 0x00, 0x00, 0x00,
  0x00, 0x00, 0x00, 0x00, 0x00, 0x00, 0x00, 0x00, 0x00, 0x00, 0x00, 0x00, 0x00, 0x00, 0x00, 0x00,
  0x00, 0x00, 0x00, 0x00, 0x00, 0x00, 0x00, 0x00, 0x00, 0x00, 0x00, 0x00, 0x00, 0x00, 0x00, 0x00,
  0x00, 0x00, 0x00, 0x00, 0x00, 0x00, 0x00, 0x00, 0x00, 0x00, 0x00, 0x00, 0x00, 0x00, 0x00, 0x00,
  0x00, 0x00, 0x00, 0x00, 0x00, 0x00, 0x00, 0x00, 0x00, 0x00, 0x00, 0x00, 0x00, 0x00, 0x00, 0x00,
  0x00, 0x00, 0x00, 0x00, 0x00, 0x00, 0x00, 0x00, 0x00, 0x00, 0x00, 0x00, 0x00, 0x00, 0x00, 0x00,
  0x00, 0x00, 0x00, 0x00, 0x00, 0x00, 0x00, 0x00, 0x00, 0x00, 0x00, 0x00, 0x00, 0x00, 0x00, 0x00,
  0x00, 0x00, 0x00, 0x00, 0x00, 0x00, 0x00, 0x00, 0x00, 0x00, 0x00, 0x00, 0x00, 0x00, 0x00, 0x00,
  0x00, 0x00, 0x00, 0x00, 0x00, 0x00, 0x00, 0x00, 0x00, 0x00, 0x00, 0x00, 0x00, 0x00, 0x00, 0x00,
  0x00, 0x00, 0x00, 0x00, 0x00, 0x00, 0x00, 0x00, 0x00, 0x00, 0x00, 0x02, 0x00, 0x00, 0x00, 0x00,
  0x00, 0x00, 0x00, 0x00, 0x00, 0x00, 0x00, 0x00, 0x00, 0x00, 0x00, 0x00, 0x00, 0x00, 0x00, 0x00,
  0x00, 0x00, 0x00, 0x00, 0x00, 0x00, 0x00, 0x00, 0x00, 0x00, 0x00, 0x02, 0x20, 0x00, 0x00, 0x00,
  0x00, 0x00, 0x00, 0x00, 0x00, 0x00, 0x00, 0x00, 0x00, 0x00, 0x00, 0x00, 0x00, 0x00, 0x00, 0x00,
  0x00, 0x00, 0x00, 0x00, 0x00, 0x00, 0x00, 0x00, 0x00, 0x00, 0x02, 0x23, 0x22, 0x20, 0x20, 0x33,
  0x30, 0x32, 0x33, 0x30, 0x00, 0x00, 0x00, 0x00, 0x00, 0x00, 0x00, 0x00, 0x00, 0x00, 0x00, 0x00,
  0x00, 0x00, 0x00, 0x00, 0x00, 0x00, 0x00, 0x00, 0x02, 0x23, 0x22, 0x22, 0x22, 0x22, 0x22, 0x22,
  0x22, 0x23, 0x22, 0x20, 0x00, 0x00, 0x00, 0x00, 0x00, 0x00, 0x00, 0x00, 0x00, 0x00, 0x00, 0x00,
  0x00, 0x00, 0x00, 0x00, 0x00, 0x00, 0x00, 0x02, 0x23, 0x32, 0x32, 0x32, 0x21, 0x22, 0x21, 0x23,
  0x32, 0x22, 0x22, 0x22, 0x33, 0x32, 0x20, 0x00, 0x00, 0x00, 0x00, 0x00, 0x00, 0x00, 0x00, 0x00,
  0x00, 0x00, 0x00, 0x00, 0x00, 0x00, 0x02, 0x32, 0x22, 0x22, 0x11, 0x22, 0x22, 0x34, 0x22, 0x12,
  0x22, 0x22, 0x22, 0x32, 0x22, 0x12, 0x22, 0x02, 0x30, 0x00, 0x00, 0x00, 0x00, 0x00, 0x00, 0x00,
  0x00, 0x00, 0x00, 0x00, 0x00, 0x00, 0x22, 0x22, 0x21, 0x22, 0x32, 0x22, 0x12, 0x34, 0x22, 0x33,
  0x23, 0x22, 0x22, 0x32, 0x22, 0x12, 0x23, 0x02, 0x22, 0x00, 0x00, 0x00, 0x00, 0x00, 0x00, 0x00,
  0x00, 0x00, 0x00, 0x00, 0x00, 0x02, 0x22, 0x22, 0x22, 0x32, 0x22, 0x32, 0x52, 0x24, 0x23, 0x54,
  0x42, 0x43, 0x32, 0x23, 0x22, 0x12, 0x22, 0x22, 0x23, 0x00, 0x00, 0x00, 0x00, 0x00, 0x00, 0x00,
  0x00, 0x00, 0x00, 0x00, 0x02, 0x22, 0x22, 0x22, 0x22, 0x23, 0x13, 0x23, 0x23, 0x33, 0x25, 0x43,
  0x43, 0x23, 0x32, 0x23, 0x44, 0x44, 0x33, 0x22, 0x22, 0x00, 0x00, 0x00, 0x00, 0x00, 0x00, 0x00,
  0x00, 0x00, 0x00, 0x00, 0x00, 0x22, 0x22, 0x23, 0x22, 0x31, 0x32, 0x43, 0x43, 0x66, 0x35, 0x45,
  0x23, 0x24, 0x23, 0x24, 0x24, 0x22, 0x34, 0x22, 0x23, 0x22, 0x00, 0x00, 0x00, 0x00, 0x00, 0x00,
  0x00, 0x00, 0x00, 0x00, 0x00, 0x22, 0x23, 0x22, 0x22, 0x33, 0x22, 0x22, 0x33, 0x65, 0x32, 0x23,
  0x12, 0x23, 0x21, 0x32, 0x34, 0x24, 0x23, 0x32, 0x33, 0x22, 0x20, 0x00, 0x00, 0x00, 0x00, 0x00,
  0x00, 0x02, 0x20, 0x00, 0x02, 0x22, 0x23, 0x22, 0x22, 0x21, 0x21, 0x22, 0x23, 0x23, 0x32, 0x53,
  0x23, 0x33, 0x21, 0x43, 0x21, 0x22, 0x33, 0x54, 0x32, 0x22, 0x22, 0x20, 0x00, 0x00, 0x00, 0x00,
  0x02, 0x02, 0x22, 0x00, 0x43, 0x22, 0x22, 0x12, 0x21, 0x12, 0x22, 0x32, 0x22, 0x43, 0x32, 0x23,
  0x23, 0x23, 0x22, 0x22, 0x22, 0x33, 0x22, 0x22, 0x23, 0x23, 0x23, 0x30, 0x00, 0x00, 0x00, 0x00,
  0x22, 0x22, 0x22, 0x22, 0x22, 0x22, 0x22, 0x22, 0x43, 0x54, 0x34, 0x33, 0x33, 0x43, 0x43, 0x44,
  0x32, 0x24, 0x33, 0x55, 0x45, 0x43, 0x23, 0x22, 0x12, 0x22, 0x22, 0x22, 0x00, 0x00, 0x00, 0x00,
  0x22, 0x22, 0x22, 0x22, 0x11, 0x12, 0x13, 0x23, 0x22, 0x12, 0x22, 0x23, 0x32, 0x22, 0x24, 0x32,
  0x22, 0x32, 0x44, 0x32, 0x24, 0x44, 0x44, 0x32, 0x23, 0x52, 0x23, 0x23, 0x32, 0x00, 0x00, 0x00,
  0x23, 0x22, 0x21, 0x22, 0x22, 0x22, 0x11, 0x21, 0x12, 0x22, 0x22, 0x33, 0x23, 0x23, 0x32, 0x24,
  0x33, 0x46, 0x68, 0x73, 0x22, 0x54, 0x44, 0x22, 0x23, 0x32, 0x22, 0x33, 0x00, 0x00, 0x00, 0x00,
  0x22, 0x31, 0x13, 0x24, 0x22, 0x22, 0x12, 0x31, 0x21, 0x22, 0x34, 0x33, 0x43, 0x33, 0x54, 0x43,
  0x32, 0x34, 0x43, 0x44, 0x46, 0x33, 0x46, 0x44, 0x43, 0x12, 0x21, 0x22, 0x00, 0x00, 0x00, 0x00,
  0x22, 0x22, 0x22, 0x22, 0x13, 0x32, 0x42, 0x23, 0x55, 0x43, 0x43, 0x34, 0x33, 0x33, 0x73, 0x42,
  0x23, 0x22, 0x44, 0x45, 0x33, 0x25, 0x33, 0x22, 0x33, 0x22, 0x23, 0x22, 0x00, 0x00, 0x00, 0x00,
  0x22, 0x22, 0x23, 0x33, 0x22, 0x44, 0x55, 0x33, 0x33, 0x34, 0x22, 0x21, 0x23, 0x32, 0x21, 0x22,
  0x23, 0x22, 0x44, 0x35, 0x35, 0x22, 0x23, 0x43, 0x22, 0x21, 0x12, 0x32, 0x22, 0x00, 0x00, 0x00,
  0x22, 0x22, 0x22, 0x32, 0x22, 0x25, 0x33, 0x25, 0x33, 0x42, 0x22, 0x22, 0x22, 0x22, 0x24, 0x32,
  0x33, 0x33, 0x35, 0x53, 0x32, 0x32, 0x34, 0x53, 0x63, 0x66, 0x62, 0x22, 0x22, 0x20, 0x00, 0x00,
  0x32, 0x23, 0x12, 0x22, 0x22, 0x21, 0x11, 0x22, 0x24, 0x42, 0x22, 0x22, 0x44, 0x32, 0x23, 0x56,
  0x23, 0x43, 0x26, 0x46, 0x42, 0x56, 0x22, 0x63, 0x54, 0x43, 0x22, 0x33, 0x42, 0x22, 0x00, 0x00,
  0x22, 0x22, 0x21, 0x13, 0x31, 0x12, 0x22, 0x11, 0x25, 0x32, 0x32, 0x12, 0x33, 0x22, 0x22, 0x32,
  0x22, 0x21, 0x13, 0x36, 0x42, 0x33, 0x23, 0x53, 0x22, 0x23, 0x21, 0x11, 0x21, 0x22, 0x20, 0x00,
  0x23, 0x23, 0x12, 0x21, 0x25, 0x22, 0x32, 0x12, 0x12, 0x11, 0x23, 0x34, 0x42, 0x53, 0x32, 0x24,
  0x23, 0x73, 0x22, 0x35, 0x32, 0x32, 0x12, 0x25, 0x32, 0x32, 0x12, 0x12, 0x32, 0x22, 0x22, 0x00,
  0x22, 0x22, 0x11, 0x12, 0x22, 0x24, 0x11, 0x12, 0x32, 0x23, 0x32, 0x23, 0x26, 0x23, 0x62, 0x41,
  0x35, 0x38, 0x44, 0x34, 0x12, 0x23, 0x23, 0x22, 0x44, 0x22, 0x23, 0x12, 0x32, 0x22, 0x20, 0x00,
  0x22, 0x22, 0x22, 0x32, 0x22, 0x22, 0x12, 0x23, 0x23, 0x21, 0x23, 0x54, 0x23, 0x22, 0x42, 0x24,
  0x23, 0x44, 0x33, 0x43, 0x21, 0x22, 0x11, 0x22, 0x12, 0x23, 0x42, 0x32, 0x22, 0x22, 0x20, 0x00,
  0x22, 0x21, 0x22, 0x44, 0x22, 0x12, 0x13, 0x11, 0x26, 0x23, 0x23, 0x12, 0x32, 0x22, 0x22, 0x33,
  0x44, 0x43, 0x25, 0x11, 0x21, 0x24, 0x12, 0x21, 0x12, 0x13, 0x22, 0x21, 0x21, 0x22, 0x22, 0x00,
  0x20, 0x22, 0x22, 0x21, 0x22, 0x22, 0x22, 0x11, 0x21, 0x32, 0x11, 0x21, 0x22, 0x11, 0x23, 0x33,
  0x32, 0x32, 0x21, 0x22, 0x22, 0x22, 0x12, 0x14, 0x32, 0x22, 0x33, 0x12, 0x22, 0x22, 0x20, 0x00,
  0x00, 0x22, 0x22, 0x12, 0x22, 0x11, 0x11, 0x21, 0x12, 0x54, 0x12, 0x31, 0x11, 0x31, 0x11, 0x22,
  0x22, 0x23, 0x21, 0x22, 0x67, 0x33, 0x22, 0x33, 0x12, 0x23, 0x24, 0x23, 0x22, 0x22, 0x20, 0x00,
  0x00, 0x02, 0x22, 0x22, 0x22, 0x13, 0x11, 0x12, 0x11, 0x22, 0x22, 0x31, 0x35, 0x42, 0x13, 0x32,
  0x42, 0x23, 0x32, 0x34, 0x32, 0x33, 0x32, 0x33, 0x22, 0x13, 0x22, 0x32, 0x32, 0x20, 0x00, 0x00,
  0x00, 0x02, 0x22, 0x11, 0x11, 0x11, 0x11, 0x12, 0x21, 0x23, 0x53, 0x32, 0x45, 0x45, 0x32, 0x45,
  0x22, 0x34, 0x22, 0x23, 0x32, 0x12, 0x32, 0x36, 0x42, 0x32, 0x11, 0x21, 0x22, 0x00, 0x00, 0x00,
  0x00, 0x02, 0x22, 0x11, 0x22, 0x13, 0x22, 0x32, 0x12, 0x33, 0x23, 0x42, 0x21, 0x44, 0x22, 0x12,
  0x21, 0x22, 0x32, 0x32, 0x22, 0x33, 0x32, 0x23, 0x23, 0x44, 0x32, 0x22, 0x22, 0x20, 0x00, 0x00,
  0x00, 0x02, 0x22, 0x12, 0x12, 0x22, 0x11, 0x11, 0x11, 0x12, 0x32, 0x22, 0x12, 0x22, 0x32, 0x24,
  0x43, 0x37, 0x66, 0x33, 0x22, 0x32, 0x22, 0x22, 0x23, 0x34, 0x43, 0x12, 0x20, 0x00, 0x00, 0x00,
  0x00, 0x00, 0x22, 0x22, 0x11, 0x12, 0x21, 0x12, 0x11, 0x11, 0x12, 0x21, 0x13, 0x23, 0x21, 0x22,
  0x22, 0x23, 0x56, 0x22, 0x13, 0x11, 0x21, 0x22, 0x21, 0x23, 0x33, 0x22, 0x00, 0x00, 0x00, 0x00,
  0x00, 0x00, 0x00, 0x22, 0x11, 0x11, 0x11, 0x12, 0x21, 0x22, 0x22, 0x13, 0x22, 0x14, 0x21, 0x12,
  0x24, 0x44, 0x22, 0x43, 0x22, 0x22, 0x12, 0x21, 0x11, 0x32, 0x21, 0x22, 0x00, 0x00, 0x00, 0x00,
  0x00, 0x00, 0x00, 0x22, 0x21, 0x11, 0x12, 0x21, 0x12, 0x23, 0x23, 0x11, 0x22, 0x21, 0x12, 0x21,
  0x32, 0x22, 0x21, 0x21, 0x23, 0x32, 0x21, 0x21, 0x23, 0x22, 0x21, 0x22, 0x00, 0x00, 0x00, 0x00,
  0x00, 0x00, 0x00, 0x22, 0x33, 0x22, 0x21, 0x22, 0x12, 0x11, 0x21, 0x11, 0x11, 0x12, 0x22, 0x33,
  0x11, 0x32, 0x22, 0x23, 0x12, 0x32, 0x11, 0x22, 0x12, 0x32, 0x22, 0x20, 0x00, 0x00, 0x20, 0x00,
  0x00, 0x00, 0x00, 0x00, 0x00, 0x02, 0x20, 0x22, 0x22, 0x22, 0x12, 0x11, 0x12, 0x22, 0x44, 0x33,
  0x33, 0x33, 0x33, 0x22, 0x13, 0x41, 0x11, 0x21, 0x12, 0x21, 0x22, 0x20, 0x00, 0x00, 0x00, 0x00,
  0x00, 0x00, 0x00, 0x00, 0x00, 0x00, 0x00, 0x02, 0x00, 0x22, 0x21, 0x11, 0x42, 0x21, 0x12, 0x22,
  0x11, 0x25, 0x65, 0x22, 0x21, 0x23, 0x12, 0x34, 0x12, 0x22, 0x22, 0x20, 0x00, 0x00, 0x00, 0x00,
  0x00, 0x00, 0x00, 0x00, 0x00, 0x00, 0x00, 0x00, 0x00, 0x22, 0x21, 0x12, 0x31, 0x21, 0x11, 0x11,
  0x12, 0x11, 0x33, 0x21, 0x21, 0x12, 0x32, 0x42, 0x22, 0x12, 0x00, 0x00, 0x00, 0x00, 0x00, 0x00,
  0x00, 0x00, 0x00, 0x00, 0x00, 0x00, 0x00, 0x00, 0x00, 0x00, 0x00, 0x02, 0x22, 0x22, 0x22, 0x11,
  0x22, 0x11, 0x32, 0x22, 0x21, 0x22, 0x22, 0x32, 0x22, 0x20, 0x00, 0x00, 0x00, 0x00, 0x00, 0x00,
  0x00, 0x00, 0x00, 0x00, 0x00, 0x00, 0x00, 0x00, 0x00, 0x02, 0x00, 0x00, 0x22, 0x22, 0x22, 0x21,
  0x22, 0x21, 0x12, 0x22, 0x22, 0x22, 0x22, 0x22, 0x12, 0x00, 0x00, 0x00, 0x00, 0x00, 0x00, 0x00,
  0x00, 0x00, 0x00, 0x00, 0x00, 0x00, 0x00, 0x00, 0x00, 0x00, 0x00, 0x00, 0x00, 0x00, 0x02, 0x22,
  0x22, 0x21, 0x10, 0x00, 0x02, 0x02, 0x22, 0x22, 0x20, 0x00, 0x00, 0x00, 0x00, 0x00, 0x00, 0x00,
  0x00, 0x00, 0x00, 0x00, 0x00, 0x00, 0x00, 0x00, 0x00, 0x00, 0x00, 0x00, 0x00, 0x00, 0x00, 0x02,
  0x02, 0x00, 0x00, 0x00, 0x00, 0x02, 0x22, 0x20, 0x00, 0x00, 0x00, 0x00, 0x00, 0x00, 0x00, 0x00,
  0x00, 0x00, 0x00, 0x00, 0x00, 0x00, 0x00, 0x00, 0x00, 0x00, 0x00, 0x00, 0x00, 0x00, 0x00, 0x00,
  0x00, 0x00, 0x00, 0x00, 0x00, 0x00, 0x00, 0x00, 0x00, 0x00, 0x00, 0x00, 0x00, 0x00, 0x00, 0x00,
  0x00, 0x00, 0x00, 0x00, 0x00, 0x00, 0x00, 0x00, 0x00, 0x00, 0x00, 0x00, 0x00, 0x00, 0x00, 0x00,
  0x00, 0x00, 0x00, 0x00, 0x00, 0x00, 0x00, 0x00, 0x00, 0x00, 0x00, 0x00, 0x00, 0x00, 0x00, 0x00,
  0x00, 0x00, 0x00, 0x00, 0x00, 0x00, 0x00, 0x00, 0x00, 0x00, 0x00, 0x00, 0x00, 0x00, 0x00, 0x00,
  0x00, 0x00, 0x00, 0x00, 0x00, 0x00, 0x00, 0x00, 0x00, 0x00, 0x00, 0x00, 0x00, 0x00, 0x00, 0x00,
  0x00, 0x00, 0x00, 0x00, 0x00, 0x00, 0x00, 0x00, 0x00, 0x00, 0x00, 0x00, 0x00, 0x00, 0x00, 0x00,
  0x00, 0x00, 0x00, 0x00, 0x00, 0x00, 0x00, 0x00, 0x00, 0x00, 0x00, 0x00, 0x00, 0x00, 0x00, 0x00,
  0x00, 0x00, 0x00, 0x00, 0x00, 0x00, 0x00, 0x00, 0x00, 0x00, 0x00, 0x00, 0x00, 0x00, 0x00, 0x00,
  0x00, 0x00, 0x00, 0x00, 0x00, 0x00, 0x00, 0x00, 0x00, 0x00, 0x00, 0x00, 0x00, 0x00, 0x00, 0x00,
  0x00, 0x00, 0x00, 0x00, 0x00, 0x00, 0x00, 0x00, 0x00, 0x00, 0x00, 0x00, 0x00, 0x00, 0x00, 0x00,
  0x00, 0x00, 0x00, 0x00, 0x00, 0x00, 0x00, 0x00, 0x00, 0x00, 0x00, 0x00, 0x00, 0x00, 0x00, 0x00,
  0x00, 0x00, 0x00, 0x00, 0x00, 0x00, 0x00, 0x00, 0x00, 0x00, 0x00, 0x00, 0x00, 0x00, 0x00, 0x00,
  0x00, 0x00, 0x00, 0x00, 0x00, 0x00, 0x00, 0x00, 0x00, 0x00, 0x00, 0x00, 0x00, 0x00, 0x00, 0x00,
  0x00, 0x00, 0x00, 0x00, 0x00, 0x00, 0x00, 0x00, 0x00, 0x00, 0x00, 0x00, 0x00, 0x00, 0x00, 0x00,
  0x00, 0x00, 0x00, 0x00, 0x00, 0x00, 0x00, 0x00, 0x00, 0x00, 0x00, 0x00, 0x00, 0x00, 0x00, 0x00,
  0x00, 0x00, 0x00, 0x00, 0x00, 0x00, 0x00, 0x00, 0x00, 0x00, 0x00, 0x00, 0x00, 0x00, 0x00, 0x00,
  0x00, 0x00, 0x00, 0x00, 0x00, 0x00, 0x00, 0x00, 0x00, 0x00, 0x00, 0x00, 0x00, 0x00, 0x00, 0x00,
  0x00, 0x00, 0x00, 0x00, 0x00, 0x00, 0x00, 0x00, 0x00, 0x00, 0x00, 0x00, 0x00, 0x00, 0x00, 0x00,
  0x00, 0x00, 0x00, 0x00, 0x00, 0x00, 0x00, 0x00, 0x00, 0x00, 0x00, 0x00, 0x00, 0x00, 0x00, 0x00,
  0x00, 0x00, 0x00, 0x00, 0x00, 0x00, 0x00, 0x00, 0x00, 0x00, 0x00, 0x00, 0x00, 0x00, 0x00, 0x00,
  0x00, 0x00, 0x00, 0x00, 0x00, 0x00, 0x00, 0x00, 0x00, 0x00, 0x00, 0x00, 0x00, 0x00, 0x00, 0x00,
};
static const uint8_t BOOT_SKULL_10_DATA[] PROGMEM = {
  0x00, 0x00, 0x00, 0x00, 0x00, 0x00, 0x00, 0x00, 0x00, 0x00, 0x00, 0x00, 0x00, 0x00, 0x00, 0x00,
  0x00, 0x00, 0x00, 0x00, 0x00, 0x00, 0x00, 0x00, 0x00, 0x00, 0x00, 0x00, 0x00, 0x00, 0x00, 0x00,
  0x00, 0x00, 0x00, 0x00, 0x00, 0x00, 0x00, 0x00, 0x00, 0x00, 0x00, 0x00, 0x00, 0x00, 0x00, 0x00,
  0x00, 0x00, 0x00, 0x00, 0x00, 0x00, 0x00, 0x00, 0x00, 0x00, 0x00, 0x00, 0x00, 0x00, 0x00, 0x00,
  0x00, 0x00, 0x00, 0x00, 0x00, 0x00, 0x00, 0x00, 0x00, 0x00, 0x00, 0x00, 0x00, 0x00, 0x00, 0x00,
  0x00, 0x00, 0x00, 0x00, 0x00, 0x00, 0x00, 0x00, 0x00, 0x00, 0x00, 0x00, 0x00, 0x00, 0x00, 0x00,
  0x00, 0x00, 0x00, 0x00, 0x00, 0x00, 0x00, 0x00, 0x00, 0x00, 0x00, 0x00, 0x00, 0x00, 0x00, 0x00,
  0x00, 0x00, 0x00, 0x00, 0x00, 0x00, 0x00, 0x00, 0x00, 0x00, 0x00, 0x00, 0x00, 0x00, 0x00, 0x00,
  0x00, 0x00, 0x00, 0x00, 0x00, 0x00, 0x00, 0x00, 0x00, 0x00, 0x00, 0x00, 0x00, 0x00, 0x00, 0x00,
  0x00, 0x00, 0x00, 0x00, 0x00, 0x00, 0x00, 0x00, 0x00, 0x00, 0x00, 0x00, 0x00, 0x00, 0x00, 0x00,
  0x00, 0x00, 0x00, 0x00, 0x00, 0x00, 0x00, 0x00, 0x00, 0x00, 0x00, 0x00, 0x00, 0x00, 0x00, 0x00,
  0x00, 0x00, 0x00, 0x00, 0x00, 0x00, 0x00, 0x00, 0x00, 0x00, 0x00, 0x00, 0x00, 0x00, 0x00, 0x00,
  0x00, 0x00, 0x00, 0x00, 0x00, 0x00, 0x00, 0x00, 0x00, 0x00, 0x00, 0x00, 0x00, 0x00, 0x00, 0x00,
  0x00, 0x00, 0x00, 0x00, 0x00, 0x00, 0x00, 0x00, 0x00, 0x00, 0x00, 0x00, 0x00, 0x00, 0x00, 0x00,
  0x00, 0x00, 0x00, 0x00, 0x00, 0x00, 0x00, 0x00, 0x00, 0x00, 0x00, 0x00, 0x00, 0x00, 0x00, 0x00,
  0x00, 0x00, 0x00, 0x00, 0x00, 0x00, 0x00, 0x00, 0x00, 0x00, 0x00, 0x00, 0x00, 0x00, 0x00, 0x00,
  0x00, 0x00, 0x00, 0x00, 0x00, 0x00, 0x00, 0x00, 0x00, 0x00, 0x00, 0x00, 0x00, 0x00, 0x00, 0x00,
  0x00, 0x00, 0x00, 0x00, 0x00, 0x00, 0x00, 0x00, 0x00, 0x00, 0x00, 0x00, 0x00, 0x00, 0x00, 0x00,
  0x00, 0x00, 0x00, 0x00, 0x00, 0x00, 0x00, 0x00, 0x00, 0x00, 0x00, 0x00, 0x00, 0x00, 0x00, 0x00,
  0x00, 0x00, 0x00, 0x00, 0x00, 0x00, 0x00, 0x00, 0x00, 0x00, 0x00, 0x00, 0x00, 0x00, 0x00, 0x00,
  0x00, 0x00, 0x00, 0x00, 0x00, 0x00, 0x00, 0x00, 0x00, 0x00, 0x00, 0x00, 0x00, 0x00, 0x00, 0x00,
  0x00, 0x00, 0x00, 0x00, 0x00, 0x00, 0x00, 0x00, 0x00, 0x00, 0x00, 0x00, 0x00, 0x00, 0x00, 0x00,
  0x00, 0x00, 0x00, 0x00, 0x00, 0x00, 0x00, 0x00, 0x00, 0x00, 0x00, 0x00, 0x00, 0x00, 0x00, 0x00,
  0x00, 0x00, 0x00, 0x00, 0x00, 0x00, 0x00, 0x00, 0x00, 0x00, 0x00, 0x00, 0x00, 0x00, 0x00, 0x00,
  0x00, 0x00, 0x00, 0x00, 0x00, 0x00, 0x00, 0x00, 0x00, 0x00, 0x00, 0x00, 0x00, 0x00, 0x00, 0x00,
  0x00, 0x00, 0x00, 0x00, 0x00, 0x00, 0x00, 0x00, 0x00, 0x00, 0x00, 0x00, 0x00, 0x00, 0x00, 0x00,
  0x00, 0x00, 0x00, 0x00, 0x00, 0x00, 0x00, 0x00, 0x00, 0x00, 0x00, 0x00, 0x00, 0x00, 0x00, 0x00,
  0x00, 0x00, 0x02, 0x00, 0x00, 0x00, 0x00, 0x00, 0x00, 0x00, 0x00, 0x00, 0x00, 0x00, 0x00, 0x00,
  0x00, 0x00, 0x00, 0x00, 0x00, 0x00, 0x00, 0x00, 0x00, 0x00, 0x00, 0x00, 0x00, 0x00, 0x00, 0x00,
  0x22, 0x22, 0x12, 0x00, 0x20, 0x00, 0x00, 0x00, 0x00, 0x00, 0x00, 0x00, 0x00, 0x00, 0x00, 0x00,
  0x00, 0x00, 0x00, 0x00, 0x00, 0x00, 0x00, 0x00, 0x00, 0x00, 0x00, 0x02, 0x00, 0x20, 0x00, 0x02,
  0x22, 0x22, 0x22, 0x22, 0x20, 0x00, 0x00, 0x00, 0x00, 0x00, 0x00, 0x00, 0x00, 0x00, 0x00, 0x00,
  0x00, 0x00, 0x00, 0x00, 0x00, 0x00, 0x00, 0x00, 0x00, 0x22, 0x22, 0x22, 0x22, 0x20, 0x02, 0x22,
  0x22, 0x22, 0x22, 0x22, 0x22, 0x22, 0x00, 0x00, 0x00, 0x00, 0x00, 0x00, 0x00, 0x00, 0x00, 0x00,
  0x00, 0x00, 0x00, 0x00, 0x00, 0x00, 0x00, 0x02, 0x02, 0x22, 0x22, 0x22, 0x22, 0x22, 0x22, 0x12,
  0x11, 0x21, 0x21, 0x12, 0x22, 0x22, 0x22, 0x00, 0x00, 0x00, 0x00, 0x00, 0x00, 0x00, 0x00, 0x00,
  0x00, 0x00, 0x00, 0x00, 0x00, 0x00, 0x00, 0x02, 0x22, 0x22, 0x22, 0x12, 0x22, 0x21, 0x21, 0x22,
  0x22, 0x11, 0x12, 0x22, 0x22, 0x22, 0x22, 0x20, 0x00, 0x00, 0x00, 0x00, 0x00, 0x00, 0x00, 0x00,
  0x00, 0x00, 0x00, 0x00, 0x02, 0x22, 0x20, 0x02, 0x21, 0x11, 0x41, 0x22, 0x11, 0x13, 0x31, 0x13,
  0x35, 0x42, 0x23, 0x23, 0x31, 0x22, 0x22, 0x22, 0x20, 0x22, 0x00, 0x00, 0x00, 0x00, 0x00, 0x00,
  0x00, 0x00, 0x00, 0x00, 0x02, 0x22, 0x22, 0x21, 0x22, 0x11, 0x23, 0x43, 0x11, 0x21, 0x11, 0x22,
  0x23, 0x54, 0x23, 0x11, 0x12, 0x11, 0x22, 0x22, 0x22, 0x20, 0x20, 0x00, 0x00, 0x00, 0x00, 0x00,
  0x00, 0x00, 0x00, 0x02, 0x22, 0x22, 0x22, 0x21, 0x21, 0x42, 0x32, 0x24, 0x14, 0x21, 0x23, 0x31,
  0x23, 0x22, 0x31, 0x21, 0x21, 0x11, 0x22, 0x22, 0x22, 0x22, 0x22, 0x00, 0x00, 0x00, 0x00, 0x00,
  0x00, 0x00, 0x00, 0x02, 0x22, 0x22, 0x12, 0x22, 0x22, 0x23, 0x12, 0x32, 0x21, 0x12, 0x12, 0x62,
  0x22, 0x24, 0x11, 0x22, 0x42, 0x11, 0x22, 0x22, 0x22, 0x20, 0x20, 0x00, 0x00, 0x00, 0x00, 0x00,
  0x00, 0x00, 0x00, 0x02, 0x22, 0x21, 0x11, 0x11, 0x11, 0x32, 0x11, 0x33, 0x23, 0x32, 0x27, 0x64,
  0x67, 0x54, 0x23, 0x11, 0x32, 0x11, 0x22, 0x22, 0x22, 0x22, 0x22, 0x00, 0x00, 0x00, 0x00, 0x00,
  0x00, 0x00, 0x00, 0x00, 0x22, 0x22, 0x22, 0x23, 0x21, 0x42, 0x43, 0x12, 0x41, 0x11, 0x13, 0x24,
  0x22, 0x53, 0x62, 0x22, 0x23, 0x12, 0x23, 0x22, 0x22, 0x22, 0x22, 0x00, 0x00, 0x00, 0x00, 0x00,
  0x00, 0x00, 0x00, 0x22, 0x12, 0x21, 0x22, 0x23, 0x23, 0x32, 0x14, 0x22, 0x11, 0x12, 0x21, 0x21,
  0x12, 0x23, 0x23, 0x43, 0x12, 0x33, 0x12, 0x13, 0x23, 0x22, 0x22, 0x00, 0x00, 0x00, 0x00, 0x00,
  0x00, 0x00, 0x00, 0x22, 0x34, 0x64, 0x22, 0x13, 0x22, 0x55, 0x53, 0x22, 0x23, 0x21, 0x11, 0x21,
  0x11, 0x12, 0x32, 0x23, 0x23, 0x11, 0x12, 0x22, 0x12, 0x22, 0x22, 0x00, 0x00, 0x00, 0x00, 0x00,
  0x00, 0x00, 0x22, 0x12, 0x43, 0x43, 0x22, 0x33, 0x12, 0x13, 0x34, 0x22, 0x12, 0x22, 0x12, 0x13,
  0x24, 0x13, 0x33, 0x25, 0x43, 0x32, 0x34, 0x21, 0x22, 0x22, 0x22, 0x20, 0x00, 0x00, 0x00, 0x00,
  0x00, 0x02, 0x02, 0x22, 0x22, 0x21, 0x22, 0x22, 0x41, 0x32, 0x22, 0x32, 0x43, 0x31, 0x22, 0x22,
  0x23, 0x23, 0x22, 0x43, 0x54, 0x44, 0x43, 0x22, 0x22, 0x22, 0x21, 0x22, 0x20, 0x00, 0x00, 0x00,
  0x00, 0x00, 0x02, 0x22, 0x12, 0x22, 0x12, 0x12, 0x11, 0x23, 0x21, 0x12, 0x13, 0x22, 0x11, 0x12,
  0x22, 0x23, 0x12, 0x24, 0x35, 0x22, 0x31, 0x24, 0x25, 0x22, 0x22, 0x12, 0x02, 0x00, 0x00, 0x00,
  0x00, 0x00, 0x02, 0x22, 0x42, 0x41, 0x11, 0x22, 0x11, 0x32, 0x22, 0x32, 0x42, 0x22, 0x23, 0x22,
  0x22, 0x34, 0x32, 0x32, 0x33, 0x12, 0x23, 0x33, 0x11, 0x31, 0x21, 0x22, 0x22, 0x20, 0x00, 0x00,
  0x00, 0x22, 0x21, 0x22, 0x54, 0x21, 0x21, 0x21, 0x21, 0x21, 0x23, 0x22, 0x34, 0x23, 0x22, 0x21,
  0x13, 0x44, 0x45, 0x32, 0x42, 0x22, 0x31, 0x22, 0x21, 0x21, 0x21, 0x12, 0x22, 0x20, 0x00, 0x00,
  0x00, 0x22, 0x23, 0x14, 0x23, 0x43, 0x22, 0x23, 0x44, 0x66, 0x33, 0x22, 0x21, 0x23, 0x11, 0x22,
  0x22, 0x22, 0x45, 0x24, 0x21, 0x11, 0x12, 0x32, 0x11, 0x11, 0x21, 0x11, 0x22, 0x22, 0x10, 0x00,
  0x00, 0x02, 0x33, 0x32, 0x21, 0x44, 0x24, 0x21, 0x32, 0x36, 0x52, 0x62, 0x52, 0x12, 0x33, 0x21,
  0x21, 0x22, 0x24, 0x21, 0x21, 0x32, 0x32, 0x21, 0x12, 0x11, 0x21, 0x12, 0x21, 0x11, 0x00, 0x00,
  0x00, 0x22, 0x32, 0x11, 0x21, 0x21, 0x22, 0x12, 0x23, 0x65, 0x35, 0x45, 0x53, 0x32, 0x23, 0x22,
  0x23, 0x23, 0x41, 0x12, 0x13, 0x12, 0x23, 0x21, 0x11, 0x21, 0x22, 0x22, 0x22, 0x11, 0x20, 0x00,
  0x00, 0x22, 0x22, 0x12, 0x21, 0x12, 0x21, 0x21, 0x22, 0x12, 0x23, 0x25, 0x22, 0x11, 0x32, 0x22,
  0x33, 0x34, 0x21, 0x22, 0x11, 0x22, 0x12, 0x21, 0x12, 0x23, 0x21, 0x42, 0x22, 0x11, 0x20, 0x00,
  0x00, 0x22, 0x22, 0x13, 0x22, 0x22, 0x11, 0x22, 0x33, 0x22, 0x14, 0x42, 0x12, 0x25, 0x12, 0x22,
  0x21, 0x33, 0x11, 0x23, 0x21, 0x21, 0x21, 0x21, 0x12, 0x11, 0x11, 0x32, 0x22, 0x11, 0x22, 0x00,
  0x00, 0x22, 0x22, 0x22, 0x12, 0x12, 0x12, 0x12, 0x33, 0x21, 0x22, 0x12, 0x32, 0x22, 0x13, 0x22,
  0x22, 0x22, 0x14, 0x24, 0x32, 0x33, 0x52, 0x33, 0x32, 0x32, 0x11, 0x21, 0x12, 0x11, 0x00, 0x00,
  0x00, 0x00, 0x22, 0x22, 0x22, 0x12, 0x22, 0x11, 0x22, 0x11, 0x22, 0x23, 0x24, 0x23, 0x32, 0x12,
  0x23, 0x12, 0x22, 0x13, 0x14, 0x13, 0x22, 0x31, 0x32, 0x22, 0x12, 0x32, 0x12, 0x22, 0x00, 0x00,
  0x00, 0x00, 0x00, 0x22, 0x12, 0x22, 0x32, 0x21, 0x22, 0x22, 0x21, 0x22, 0x21, 0x23, 0x24, 0x11,
  0x21, 0x12, 0x22, 0x32, 0x22, 0x12, 0x34, 0x33, 0x21, 0x21, 0x22, 0x22, 0x12, 0x20, 0x00, 0x00,
  0x00, 0x00, 0x00, 0x22, 0x22, 0x21, 0x51, 0x21, 0x34, 0x11, 0x22, 0x22, 0x11, 0x14, 0x21, 0x11,
  0x11, 0x23, 0x13, 0x23, 0x23, 0x26, 0x22, 0x22, 0x33, 0x12, 0x12, 0x21, 0x12, 0x00, 0x00, 0x00,
  0x00, 0x00, 0x02, 0x22, 0x21, 0x11, 0x12, 0x22, 0x22, 0x22, 0x22, 0x31, 0x22, 0x23, 0x43, 0x32,
  0x21, 0x23, 0x32, 0x33, 0x32, 0x24, 0x33, 0x11, 0x11, 0x11, 0x22, 0x12, 0x11, 0x00, 0x00, 0x00,
  0x00, 0x00, 0x00, 0x02, 0x22, 0x11, 0x11, 0x22, 0x31, 0x12, 0x23, 0x21, 0x12, 0x12, 0x22, 0x21,
  0x12, 0x22, 0x23, 0x33, 0x23, 0x32, 0x21, 0x12, 0x11, 0x21, 0x11, 0x12, 0x22, 0x00, 0x00, 0x00,
  0x00, 0x00, 0x00, 0x22, 0x22, 0x11, 0x11, 0x11, 0x12, 0x23, 0x22, 0x11, 0x11, 0x21, 0x11, 0x11,
  0x11, 0x12, 0x32, 0x13, 0x12, 0x11, 0x12, 0x11, 0x11, 0x11, 0x22, 0x21, 0x00, 0x00, 0x00, 0x00,
  0x00, 0x00, 0x00, 0x00, 0x22, 0x12, 0x12, 0x22, 0x11, 0x22, 0x22, 0x12, 0x22, 0x11, 0x11, 0x11,
  0x22, 0x33, 0x23, 0x13, 0x21, 0x22, 0x11, 0x11, 0x11, 0x21, 0x11, 0x11, 0x11, 0x00, 0x00, 0x00,
  0x00, 0x00, 0x00, 0x02, 0x22, 0x12, 0x12, 0x11, 0x12, 0x22, 0x22, 0x21, 0x11, 0x21, 0x21, 0x11,
  0x22, 0x22, 0x21, 0x12, 0x13, 0x22, 0x21, 0x21, 0x11, 0x11, 0x12, 0x10, 0x00, 0x00, 0x00, 0x00,
  0x00, 0x00, 0x00, 0x00, 0x22, 0x12, 0x21, 0x12, 0x11, 0x11, 0x12, 0x22, 0x11, 0x22, 0x21, 0x21,
  0x22, 0x21, 0x12, 0x22, 0x22, 0x22, 0x22, 0x22, 0x11, 0x20, 0x01, 0x00, 0x00, 0x00, 0x00, 0x00,
  0x00, 0x00, 0x00, 0x00, 0x00, 0x22, 0x22, 0x11, 0x11, 0x21, 0x12, 0x11, 0x11, 0x11, 0x11, 0x12,
  0x22, 0x21, 0x21, 0x11, 0x12, 0x22, 0x21, 0x22, 0x12, 0x00, 0x00, 0x00, 0x00, 0x00, 0x00, 0x00,
  0x00, 0x00, 0x00, 0x00, 0x00, 0x00, 0x02, 0x21, 0x22, 0x12, 0x12, 0x12, 0x11, 0x21, 0x22, 0x11,
  0x21, 0x22, 0x22, 0x22, 0x22, 0x22, 0x22, 0x21, 0x10, 0x00, 0x00, 0x00, 0x00, 0x00, 0x00, 0x00,
  0x00, 0x00, 0x00, 0x00, 0x00, 0x00, 0x00, 0x21, 0x22, 0x21, 0x22, 0x21, 0x21, 0x12, 0x31, 0x11,
  0x22, 0x20, 0x11, 0x11, 0x12, 0x21, 0x11, 0x21, 0x20, 0x00, 0x00, 0x00, 0x00, 0x00, 0x00, 0x00,
  0x00, 0x00, 0x00, 0x00, 0x00, 0x00, 0x00, 0x00, 0x20, 0x00, 0x00, 0x21, 0x22, 0x00, 0x00, 0x10,
  0x00, 0x22, 0x22, 0x22, 0x22, 0x22, 0x21, 0x00, 0x00, 0x00, 0x00, 0x00, 0x00, 0x00, 0x00, 0x00,
  0x00, 0x00, 0x00, 0x00, 0x00, 0x00, 0x00, 0x00, 0x00, 0x00, 0x00, 0x00, 0x00, 0x00, 0x00, 0x00,
  0x00, 0x00, 0x22, 0x12, 0x00, 0x00, 0x00, 0x00, 0x00, 0x00, 0x00, 0x00, 0x00, 0x00, 0x00, 0x00,
  0x00, 0x00, 0x00, 0x00, 0x00, 0x00, 0x00, 0x00, 0x00, 0x00, 0x00, 0x00, 0x00, 0x00, 0x00, 0x00,
  0x00, 0x00, 0x00, 0x00, 0x00, 0x00, 0x00, 0x00, 0x00, 0x00, 0x00, 0x00, 0x00, 0x00, 0x00, 0x00,
  0x00, 0x00, 0x00, 0x00, 0x00, 0x00, 0x00, 0x00, 0x00, 0x00, 0x00, 0x00, 0x00, 0x00, 0x00, 0x00,
  0x00, 0x00, 0x00, 0x00, 0x00, 0x00, 0x00, 0x00, 0x00, 0x00, 0x00, 0x00, 0x00, 0x00, 0x00, 0x00,
  0x00, 0x00, 0x00, 0x00, 0x00, 0x00, 0x00, 0x00, 0x00, 0x00, 0x00, 0x00, 0x00, 0x00, 0x00, 0x00,
  0x00, 0x00, 0x00, 0x00, 0x00, 0x00, 0x00, 0x00, 0x00, 0x00, 0x00, 0x00, 0x00, 0x00, 0x00, 0x00,
  0x00, 0x00, 0x00, 0x00, 0x00, 0x00, 0x00, 0x00, 0x00, 0x00, 0x00, 0x00, 0x00, 0x00, 0x00, 0x00,
  0x00, 0x00, 0x00, 0x00, 0x00, 0x00, 0x00, 0x00, 0x00, 0x00, 0x00, 0x00, 0x00, 0x00, 0x00, 0x00,
  0x00, 0x00, 0x00, 0x00, 0x00, 0x00, 0x00, 0x00, 0x00, 0x00, 0x00, 0x00, 0x00, 0x00, 0x00, 0x00,
  0x00, 0x00, 0x00, 0x00, 0x00, 0x00, 0x00, 0x00, 0x00, 0x00, 0x00, 0x00, 0x00, 0x00, 0x00, 0x00,
  0x00, 0x00, 0x00, 0x00, 0x00, 0x00, 0x00, 0x00, 0x00, 0x00, 0x00, 0x00, 0x00, 0x00, 0x00, 0x00,
  0x00, 0x00, 0x00, 0x00, 0x00, 0x00, 0x00, 0x00, 0x00, 0x00, 0x00, 0x00, 0x00, 0x00, 0x00, 0x00,
  0x00, 0x00, 0x00, 0x00, 0x00, 0x00, 0x00, 0x00, 0x00, 0x00, 0x00, 0x00, 0x00, 0x00, 0x00, 0x00,
  0x00, 0x00, 0x00, 0x00, 0x00, 0x00, 0x00, 0x00, 0x00, 0x00, 0x00, 0x00, 0x00, 0x00, 0x00, 0x00,
  0x00, 0x00, 0x00, 0x00, 0x00, 0x00, 0x00, 0x00, 0x00, 0x00, 0x00, 0x00, 0x00, 0x00, 0x00, 0x00,
  0x00, 0x00, 0x00, 0x00, 0x00, 0x00, 0x00, 0x00, 0x00, 0x00, 0x00, 0x00, 0x00, 0x00, 0x00, 0x00,
  0x00, 0x00, 0x00, 0x00, 0x00, 0x00, 0x00, 0x00, 0x00, 0x00, 0x00, 0x00, 0x00, 0x00, 0x00, 0x00,
  0x00, 0x00, 0x00, 0x00, 0x00, 0x00, 0x00, 0x00, 0x00, 0x00, 0x00, 0x00, 0x00, 0x00, 0x00, 0x00,
  0x00, 0x00, 0x00, 0x00, 0x00, 0x00, 0x00, 0x00, 0x00, 0x00, 0x00, 0x00, 0x00, 0x00, 0x00, 0x00,
  0x00, 0x00, 0x00, 0x00, 0x00, 0x00, 0x00, 0x00, 0x00, 0x00, 0x00, 0x00, 0x00, 0x00, 0x00, 0x00,
  0x00, 0x00, 0x00, 0x00, 0x00, 0x00, 0x00, 0x00, 0x00, 0x00, 0x00, 0x00, 0x00, 0x00, 0x00, 0x00,
  0x00, 0x00, 0x00, 0x00, 0x00, 0x00, 0x00, 0x00, 0x00, 0x00, 0x00, 0x00, 0x00, 0x00, 0x00, 0x00,
  0x00, 0x00, 0x00, 0x00, 0x00, 0x00, 0x00, 0x00, 0x00, 0x00, 0x00, 0x00, 0x00, 0x00, 0x00, 0x00,
  0x00, 0x00, 0x00, 0x00, 0x00, 0x00, 0x00, 0x00, 0x00, 0x00, 0x00, 0x00, 0x00, 0x00, 0x00, 0x00,
};

static const Sprite BOOT_SKULL_0 = { BOOT_SKULL_0_DATA, BOOT_SKULL_PALETTE, 64, 64, 4 };
static const Sprite BOOT_SKULL_1 = { BOOT_SKULL_1_DATA, BOOT_SKULL_PALETTE, 64, 64, 4 };
static const Sprite BOOT_SKULL_2 = { BOOT_SKULL_2_DATA, BOOT_SKULL_PALETTE, 64, 64, 4 };
static const Sprite BOOT_SKULL_3 = { BOOT_SKULL_3_DATA, BOOT_SKULL_PALETTE, 64, 64, 4 };
static const Sprite BOOT_SKULL_4 = { BOOT_SKULL_4_DATA, BOOT_SKULL_PALETTE, 64, 64, 4 };
static const Sprite BOOT_SKULL_5 = { BOOT_SKULL_5_DATA, BOOT_SKULL_PALETTE, 64, 64, 4 };
static const Sprite BOOT_SKULL_6 = { BOOT_SKULL_6_DATA, BOOT_SKULL_PALETTE, 64, 64, 4 };
static const Sprite BOOT_SKULL_7 = { BOOT_SKULL_7_DATA, BOOT_SKULL_PALETTE, 64, 64, 4 };
static const Sprite BOOT_SKULL_8 = { BOOT_SKULL_8_DATA, BOOT_SKULL_PALETTE, 64, 64, 4 };
static const Sprite BOOT_SKULL_9 = { BOOT_SKULL_9_DATA, BOOT_SKULL_PALETTE, 64, 64, 4 };
static const Sprite BOOT_SKULL_10 = { BOOT_SKULL_10_DATA, BOOT_SKULL_PALETTE, 64, 64, 4 };

static const Sprite* const BOOT_SKULL_FRAMES[] = { &BOOT_SKULL_0, &BOOT_SKULL_1, &BOOT_SKULL_2, &BOOT_SKULL_3, &BOOT_SKULL_4, &BOOT_SKULL_5, &BOOT_SKULL_6, &BOOT_SKULL_7, &BOOT_SKULL_8, &BOOT_SKULL_9, &BOOT_SKULL_10 };

static const Animation BOOT_SKULL_ANIM = {
  BOOT_SKULL_FRAMES,
  11,
  110,
  false
};
